00908aec12f134f38854df4ebed7423fa27732fee676b845f8e3eaec0e96cc26	28f1cb6c9dc8840259f81837278d386619dfa5452106563176378ce9dae3ded4
00d09aeaf605a6c394b172011c8115d7615be8a02bab4634e0d68e0e2836caa0	acb64fb195bc0d3a4a45b4797c40951e3220a87e1c5fb43cd2c3598aecf03e9a
01166d5950481dc3a9089f78acc73b7fbb4a899579f0c52f4cece3ac777c6e37	2e0b3aaf01cf8edf95688496c131c4e8f1b33ce8bf2492f1788832f0d80d5f6a
01339e749f2e8e33e89a3b2b6767cab2f00fcf24a083ee092fd72d21bb061863	7ec76314c35ada69971e8f03b1626955717f7852b8ada04901a02a2fb36ac6f6
01969665ec4d3bf942f8ad08ae8177addc3d71a2e8622238f434c0b1a192e207	4728614c407eacc37def421ac03f68c1ef4615866b1612771865942e3b5c0a59
02221cc2369bbcfc19859b9832127d5799da9f16ffb06022885f7e9c044eb2e4	b839a62f70fe8cc11b1e22540d81d172603a2e94dd4ba792e57ddd67a1e64ddb
0274a783c356221af25efb3cce925020eff6738ed967e6dcaa79bf721678a478	f99bbbae3e5981dff12d843a3c7ab3b5d5ef8439d0dbbcd3420a0d65e430f2d4
02c34f352cb8f5ddd1d08f8c36874bf72320655c622bf9c926e60edeb0dd9861	b099008293b44247fd151ce16ad5e54ddb563b142e27a25bcb46ff98cc30cbbd
031d0ee409563c3d045fd770218915213efe737eb06c61f8acdc7a4c5c5ef7b5	efdfba0e32f8e1cc7ad8f8e1f49daa9729555a5be834dc1cff53ebf8f8c6b728
032c1bca32a5ad6fd6eb5c0653e0628d34970df162adb8e9a0f0a14e0b4e292a	8d74a9ff7ed6cc4863eafd732d883572522106f66335605d8f347de575cdf601
0355ddc1cf7b290d640f90fb7f76c8f5843cc2f2a3db972e7288d4166b944bb6	e2b349431014dd58ac0d1c16e2b8644e38539b9283c724c8f45358cd31aaf847
036f0632b92d783012b2b80d1e705aaf7f19c471b110e125731f44ad21b25532	c089e987f49a71e62a5303ccc8a29aab3db747dc3a47f1d7b2456b8e355e325c
03b23f00cd9fea4bc1e08b5a6e460ac726ac9c7fdb1e36be06b2bfa26aecf7a1	0021094d08a51edc9c638b033f399337c17161a69ac67c660966b79d32064261
03e3b33dbfe1512d6963e4f67565a91458f43b33d03a607e9fdd15791f46fbd8	ce0bcd0d75852cb39e0ef9edf9fe7c822a9e0df63292213eb95191fe7ed67742
046d357ba932e1fe65c7938414074ada1db4a05b203ce804777114d9fef6e681	5a88f2d151fdf026111ddd1cf3ba7f4a876da8e424d09740e11b919145d45f07
04b1eaf41f14191bfb5b82cd99784eef5abb87687aaff517bb626953066428d0	114df388c44168a4f0be50fba1f116329e6739a43c8c6a98383170c7f069cda0
04d09799c4bdf1864e3ea914be26d5f3f5e452b1b96f0701e1d881f3b2539859	b0415a25651aa499e0d8f18478008f89e6cf841dafbf2bf6e4b495493a9afc39
04d11628bb1f45d2e2826ecfc16691c8415b22bb4dce757e6b65066254ec0dea	269ed77ab9d8270497c9ef736d9e6e3de7fc7df408c113ceaeb75d2a5a855713
0641103a60c711a336e40ae0f3fd845c0bc04715f15ed6965af36252943748a5	d086ce1e28e3a1fdf3914ea747ff6f6b48f22049c4a809bce547ac21c42f8471
0659165bef35534d83d0b49c54e7ed66e937f71e1c5b380b49083d51fda5ad08	cd3a5e8ef2148eede303ad147a2daaf912fe09786e2af5c8cdf8f311a92cb256
06819069194925a354e8b1243076c024a4056af608996db8b343e2fbc03ca894	c83a9dac518343df44118cab7852756feeaef780220d06f65d5d62773bd46f8b
068ffff6801b4d38d7bd5450c468a1ab478552de04d493b60a1988d727da01fc	fb6cf67e5555699c65705f4300414aebf93e67d1cfc43b67cb915ad971c0c98b
06b5cf44aa5f9beaf40326a2a33a2f0c3e03a0f5e98b13a2603e1704352839c7	0dbf9c49bd5c4048a88b6cbf67060370687e7c2a3bd988d7f7989fbedf60a861
06bac9ca34fcbe923d9024db1c4ec0b8b0f4f3de8a16622715571e0b6914aaeb	aea8fa54406a2a0be96daef0ed3930d08154ab23bf02ac216c0e41ebee910982
0749ee6fc854498d1a3e7b22ef3812ba91d637f9889746567d1e362c1aa561bd	237dff3c65adff778d00050c56c348a90f6d28e585f0b772f397080c68f0f8a5
07c471cadcf1232c6d532ff8d3338d29a7a497c0e7f722147fa21bcc71fbbcc4	1b67ac50dd884db6b9b1ca2e8138819b9878a8d571344077428f1a5f7f1d29ab
080a678add458c64e859718b18b133b3d9bad7d40110489e063f8cad22d564f5	9b066e66b389cb7702e1e3a2c0afea881e2fffff2d90de395f9e1d3afada99b8
08364aeed79b31ea18131ff7c1ebde7982725fdc84b5623c39f1ee9687539547	16a9e9c0237c6e7bce16d460628d00dd8dd13b6058f2e47ccea553f582868d52
083971fd1f5179cd0b94d5d9e5eeb055e9a7adcde85ef3bdf9abc8c7cefa61a0	303c643fcf78d9d23ef7c5366d651c4ff794daf442035ada876adc6963bff494
089d7d336ad62a07177f5c7d5f609429ea296831c4dfb5a5976531d2aae3c8c8	a391576026061bbff48a7f023581c966e8c25679d4e80a56c50c121831db67d0
090aba2c212d777d13f1df8406ba4b3206e2fa6a57fbe30cbb6af1477c9a8384	87d5b1c93889fbc489def7a02d2c74e1ec2e412521c3490cbd6aad80d39343d8
0949aa8e09fa8ea687e322bf70f1f1c5e6e7580b4c1a1c77eee0be539ef81343	78ace61b577a033377eaf10acb99e33d6d3ceec0bc00d8f973e64be30044877a
0a88c596569c082b43e32f3de3b240494cd2d12c99ececfd7a557cd37af17689	1ea15eddafd333b79a86b61afe2821ecb6075c2578ae5cfa2a12e62918210ff7
0b2ec2c89e299327d99ccd4cdfa8e3b8c61593ab4b431214475916cc2cb6819e	05b5823f8174d521f1e5ec3124c807ac954163b7f83593a4381e33e317e8c3fc
0b475594fd7ad321d0b47ee04a575b3b257cfc7d6f7d450b8f03bb34e71feb0e	8216446961c34bc53170ebd7a5b8b784366f2f146e20e127aff4ba3286833d70
0b5e736f7af057217655d7d7a7a4bc828b38bd05115bf88c6c89b97cdfdb87cc	829cee7d71f8fde694fd01c24bba14595f79ee64ae5e695b66083aaef860a0d3
0b811ad41c15a352f74d5de6b0b24b05fb5317daf41951f1c7f39c2c174ef6a6	5fa341cfe1778572c2c91dadec5ce99317671fdea0e9e4443c4bbe272d7f61fa
0b9e90d7f2dc6cdf22ab638bf843e375eb7aae1754b60046846c18b8d8d14428	ecf00879c9cc9e6d44c1ed844f6b22c6296f992a5c8b1ae3d8cf70b3bf3d70fd
0bcea380dfa38ce7a7da2e1c210c35c8727bbad7b2726742070958e93504438f	3382153dbbcedb31de39600ab0b1b86022c730cc0417574ef1dc78820d5a9a35
0c15b02917de62372765ce2498384e6c6a50abf22a943df1f9a64dd9809d12ec	3d9c18f7e73bc075db4d01f493aef3fdc81c51102e0a76df3c666d52e4b3b994
0c1db35b684bde9dcc7375bfc63adbdba5b26289cbd94325906b3f576767795e	66e7dbb726b93fd4c4bbbe7c3144926fb1e4d4b40b2f871c5cc58f7e24d68eaf
0c35f134e7406ab1ba67eab6467adcb099449a185857ace3615bcdf396158cd8	90266d036d717ce32d2f6c8620893faac278f7eb081e79e4cedd75572c1a360c
0c3acdf772ef0a0cbfb694375dfac739672c459d74cf7f4e17e82983bd89f086	99cf56b83109a27d2783c8db1b18ef9c4150b47935bbf976108a8e6449a69889
0c61d0359834f1f774ab169aacd40e75c2ff5bf495b4117dcc1ea843dbb68c51	765ee57d9ef2bfb7dcac8b936c142c97afc269532c92b60ef9fc10e3ecb5ac24
0ccc4b980c8044154efa165e9067e63e9b46910c1d8d0cb27fd7f86aaf761bd7	7347a01a235af4ed2e35e78fa4504a3015766faa895685e0c899617371e77e82
0cdedfc9c273d390636cb270e94433bbd8b5bd31b2190ae377e4ec1a8888a761	b23530036a517003094e029afcffc04e31a3778914c3aa7a8357935aab0f9f3a
0d275bd0e6d1d3cb85fe48143b1afcaada77a64f45a2b9f3960552821c613274	c06644692d79ac0c940bcfa99b3912b2310138d362cd9825b401ad4f3cf41e6e
0d9c27b7d43c5592b814bfd41089dac659c26f3683fc06887270f38a91633bd2	844c38d4bd5830bde58c1f1e1a21db46dcb2d8eb62561bbdf63a2d86a9e8cd6b
0df12b936ed01a09e96cab08db57ef282a9b947cae08fd576e2b7101c15ca18f	7f544311114404168df0205bbb29ed961b94b97220cacf1aba00b0884f8206e0
0df59a3e10d979ea4c3f16270f010d77b57ce228e3ea2f20550653bc6751c635	5ff7d1ca86a3d7df4f042a60d65408bff429facd96d8249bd4cc3074ff016fdf
0e82e2e389c6779c188539836914778b34ba64b40092a641976d0e39b0049e34	8dcb5222fb266851b81d91926c68f8c5dd6d0346734c98d27c08542bfa17378d
0ee98dd867e17c73273bcae0a1efd078d6a363eae885c474b7970c3fcd5f0f19	f4e92616d9a4c44fff322118280e97bf5038abac8c9a88f8920a99f5021f29fe
0f23743f8298234b273ad5106f6cb4a1ce77f06a68b101c9c2725b708711d86e	7389acb5a34a90b09f203fc4785f05e9e423d289000b71aa9fcf44097d7d1bab
0fd4323f23ca1212e414b9146649f2444c6ea842ad763d420c1d204cada65ed0	9991c9a9a51673c49f6b7142e3c4db108092679bcc37acd08fc6d0317781c379
0fe9ebeb3c28eb47181e9f677c8b39b3cd3442b47ec78b2eb0488f4a30d12e49	00797c1b6c99d7c2d31d4dfe1841e616417ec9e278cf5f4b546cfc8548612498
100d5efd9fccaaf625c9230845e932e7870fcafdec15df22602c8b373934f40c	745a6280c631862791d855da2c4a86cb4818be7ec1d1d76b4f8c7be980a9e75c
100de368a66b4795cff0ca6acf256e6beeab884ae207e79e272e70c523829096	a92e3f4740543f436f1a7bc7df7ac1b6dafbff3aac83302bfef14a8b97d04646
1094e5e9d60083a7063cb043b97b4309a51b65cc5962b09f6f2bc8af97f7f0e6	4f8945949ef4294736e5924be3b246097b9c710d37a14bd776a62e782306a146
109ab4f3d5090b72e8a2f4b98105da6721132470c43dcb367abe4e7dc25165a5	33191adfa64fae02d419839a7c340dc58f194a37964b757ab2664cebf52b9f1d
10c85beb7ae851001d90a73e89cff5719d744a523904565cca3047b9a2a4806d	6c57284bbdb92ffdbfc80342bbd96f1408691b84f1eb3dc50d72746b3bf2babb
112593cf627eeaaffdd70acc062461fb255a7463a009f4ba922811a148abfff1	044fc358e157d1f0e9de5a8b44c53446371399001d88f73b263101c489842415
1183510d1717c5290d751f8755d50dd960a9f248cf7b83767a0f3e6baf8204ca	51ce36a8cb2db0fac5700bc9e5b5e3bf7efcf3e5b85d73aafcb15823ae16ae98
1263b8caf069db99f1c375401e9d38f2a4e6eb713ec5c5602fa67c7586833a8a	b864c12415213022e493d0af24b0c629823ddaf41dcf02c34e45b5686156ce34
132d57384aaa2e11e0110a3f96c60e7aa6d868d37e29f6ef9ffc0d5e71d597d0	f7e7726d67cf76ce1266ceb1620b560909bb90731375667f0c49ea02ac76ab44
132d7b608ae5a00c5754dab51e9fc5f456a41a78a887484e7a27235d0731f5c4	c2e9e09aa2b827be8c681cca3dfe6ab74c01d25e6384132c0558ab4bbce9868c
13a96ca0e0fd1b1ef51e4a866f56517af3994055cfe54b59d45d841b37156f42	ac6e8d802530fd8f9955018540346e3fe860fc35b425ba3ad9d2dbb993dc6aa9
13c198d1ef501a3dd9f0214d78c0bfe40f2bb39b115446be09177d736e29e269	f0577296b56062c9ab75021b1a341a6803e934e0fa4d6fb4c2e58b6c67708d50
14207e777037d13b686d6445b4079a18a56b6f6df2366c9ca4dfc731b4b3a214	8ce489b14e4a6883d482f69780c008fc43fa9a288a9c0f715637817ba753b533
142d9daf92167724d4cd40c5b929717f8e962b71e2f0d15fbd430225276033f8	70726bbfb109928d68e54052e0984facd1bce98aed2906c57ddeccee77edfd56
15282fef596c0204abaaaa8dcbcc32157724a8a3e3f97036ff14d3bb8d241323	5c15957c70eef2a9c3c5cad8bc9844accdbbef2948ce3399815ada46286b455a
15884989ebd421d9514cb4fbc668b20b5c7ffe1b28c0fcaf7f70adb385bc86b4	a09021cd4f56a2f4d77f1aaa069034768faefb18fb6b63514537f45eb90fa4da
15e8bc410c39802ec4b76265b06e522985285bd9abb0e763257fde3f83d09480	973f5c0e9bbc6a19ccc13ac40bdff1aa8c63ab6f0ad95b9b5257717ca8d3f862
15e970387145cf06e2ed60cbdee63a402aa9ef09688c41f039d3d1cde07c685c	b96f57923c3779ecd7c671029918ba17662ae58f27d95f49a95adbddb07140ae
1620e11e57b82a91c06021e5348f7c512a447da1b3e1f004c68ce28be51631b1	b23fb627f1a957b8486f428f2d4c2e7b5ef5761973910f0347f819e489a4d9bb
167acdabb49e26c3531e415826202db48c9833cee4dc3fe7dfe360481531ca23	9cb5ede27a100de6fd67d2c15fc0b5537a41a6c12334f9c0156e4ca73384fda0
167fc7aa4ce99bf04d4a4d5b29371f5c471c9a8ef83c259ba01d370fdba28616	c0b1caedfde53acf82921013e37c63641613a0fd3e1251b62ee263bcf39108c4
16f3f3946c53ded33e7d96053a7bde184643695ac38b2022e98ea82bae37b07d	b1243429efe9149bc2add8cd59b98929c2313eab2a109950e470a7a760fa83a4
17027e6558c6077ad4085d4f0ec533b0355a60b7a8ceb69679ed9d160211b175	b7fffe3e34d9da1578f7caea37bf48a4f74b79476225417d085ee8bb2772b258
176817e8774b5ab438d386ff8a8d6988d7720e5286972234d80f2525b0d14e25	d76816f4b0691847e00a36c00512493bbc8e8142c9e415f9baf6a3224cbca699
17b5dc0b654132a90fc348f3db0cf79435e7755a29fb3b41ae9b9a75b5a4824e	75e5bac7ddc653302ef1a47be73b5d1dd4c749760894e212fe579295b881f9e1
17c0de685e84c2953f53867f487b0239e62a7fd26317fb5510a6e83a1f1c9b39	09b2931f2b1b6a2f2481d5198d8ff0ae7b87d18678e561d66e852f6abff47a1b
17e614f639bcc50974d23f3af59251afe14943089f77dba28d6222f7a817ef92	433e8dc76e55326b3271814b1c864d160eb79dd26c8880eec958b2504b94b7bc
187ae2333ab21698e79a813d3b4c51b208b0157d9c939c2d1c0c1f056370e9e6	fc85b1e2add48daf975cd7f36610fdbda180f139cbe775b9f051af88325a2a22
18f2a04c03154203383d5c10299dd1df230bf420f1ea883e0f3b2a892eb81231	36e03744c8eb242a781fb24906f32cd019f845ad295e8b4b6f36585e72b93886
194ad7548bd463cf64ca5bd98acd19574d29b01285c62ec6bae158e979c5ba2e	197666917a61c7731d86916ca6de49796d44560ad2817f500709a8135c689c29
1980a448bec2b3c3aa65f35e6f00aac5a3454b5c42a057075d2f507bebd62163	8bae63719fee02e15403b0e68afd67fc65ddc548143f9f55b1bed83b5e10ed41
1a0c79d1a2b7c192a2f0fdbe91d674a13567da62bd349e9ef8dbffbc888c4beb	57a18a4413dc4d45681095936fea4af9b600aaf9842329ebfe433f4d05ba077f
1a24a3cfd6e8ecd43e5b189b5cd685fe99a82a82ac1609230017b882422ce516	3f1adffd0f702aa60c2719b39aede4f69e47130f857d1ae79a4a05b888865600
1a2cfb8b42865e9e5c06ed95740fc4ac9f61bf6e5dc66b444e457f3b78c00179	6a63c98f23beb3edf2b82812f83713de29c164a7497f1a3c8aa59966fb1c5e73
1a31d08c41b904fc4cfaf2101ebb80bb41eca587ce7736ce1edb2db85c055e41	ac321cf2b99cdaddf0127179d4730e8a06b2780e98703361aeefff61218deb19
1a3a2e0f25169c53767edd39c8c6328d602386a56abbfb53c518827d09eb9e5a	9e89257b22c96fed73a57e36d691ffc44b597e0b31994424118e7aa1a1ba4a12
1a69de422a4a2afc2d550bb038d1c6a53afd638dd05a6f88a46692a452393ecd	b36a63aaa8736720371a962e3c82973c4a4706ea749ee3836f4510feaf9b85fa
1aa14c3fed8d016ca05234414c8f3987ed2fa096deb9524d1a2e65070826c22d	d124ed1700304d8594848b5584370589021871592d349b9168f87823e331d603
1aa907347444fc2365f63412108eea02d2e183bafeb7d5b069ce7625b8da1a87	ed5290be6e4be954c850e8e6f1184ceeff5964b3d0e593257bd7e342abab48fe
1bd27c20446acec6ea686d16ab54033b27d5154500f926c7d08c66f28aacfc41	67d1704b942177658e4d93384754c2b08cbf84351b849eb844a5ddb51eda07db
1c6b08cbe20255d6fa36a3f840bdae1f054108bbae7c5ae3bdda0b0615911816	50f2f1f6ab071c8b800b88dfd18a9a5299ec33d89bc1d74524c09cc86544b301
1cb597e04d52d7fa5bdead89aae886f9f8f5fab508add816b1663615f59a9163	e15596b8a60fc9c5f561d53d93bb3876b051e355aeb52a04ac80f187c1340611
1cf8ecf8557d9c71cc952ada554e683ddeb48de369c51e03136aa7c8f68bc6f1	c10dca14741b4fdda73c05f0b17c9b9b39fdcad049ed65ba40ad05cbe196adae
1d1c78da47a58e9c1b1056157ab430c384e4c65275fc4bf75a63bc0deb8f9ab1	b3b14187ccf6382964ff918fd394d13d9b0df0db1043ef6a96f680e2c75c9a84
1d4465399ceb8b8b680cd1e3903bd986276a76319cba5338e7e8533bdcad107a	e1d83b3e4087c8cda99bbb4487db592d7e21e39c22e9f7c026d7d5487f2c2327
1d5ec17e88b92cfe9e92243dd8e8c45d2dc81e51f5c4248d209c96c2b4ae4eb7	e83a84bb071aa7466bc563c907328e6e52d65b89af919222bbf32973acc2ad0c
1da8a944387f876d46176f8fc33ee755b942c8ead28ffed6a9b1f8fe1fb0c55e	44244b955b2be9c88f3e1578980e68adaefae151247c7213aa263a0a4b03a68f
1db696933086e5abbce5b6f4ab8e81c6c2d0414e0d1b62e59e93cd9c675cad16	d35ccb788c9ce9a2d8130d3cf6e779e538b4aa1e23134df6bb4f47679a7b3be4
1dbd2c74604c88fcca13b39768c2ca937326daaf715a50d83d32200880efc8b3	c416c49f2f175297ee9d9ee572e86e4b600a4e9bd14f32c49bd57fb2d21c10eb
1dd35c8831c2b4f58cf13ead16ca63fa5b2d9b519c94d4111126988fd9aaae10	af05e3971b3c2b63bf647f080ac6d3b17d84ffa16d725bcf0bc22e8ffc13e49b
1de8dc1e617752f484f892f485a1c667779689466ff98520573928b6a3755281	70269cb98c1e55ab9b70c0d58a048cc0a9954411bae53ced327014d4d7b6b031
1e111bbc92557e478bfb2e9c305f493dc989e5a07f586a44da823cb7c6f86d8a	7f1f82018cafb9ed5bcd86044fe8e310ba1e7e96449a719d161206ce1f6e780f
1e269a8df9ce1fc7b2670cfe5ec207d17a80855227bd9ccdf28403975b367d92	991285acfffd807b4e1af1c05e7b5663668ee68b964fb83c2dc45e0ceaa46346
1e2d874ed12c8f978c7cf7c8a76a2d44d6c00e2c1c6f5a8db949119dbb74b643	583d352d6f1a111ad578668d6c28e6c0428247fe3cf201c2f9636ecfc257b1b7
1e49b2bf65ccf88f8f286ad643cc738f3090614fb484f78a58f06fd96a9cdd03	acc82a27c0db4a37f7bc6f8cfc879f0876c64c50bad30dc3715dadb28d8f6af9
1e5985818f0e66bc71219a3346a0910150b5546bd9a921729a33759321ce0d1e	e150d1aaf5c17e9c30958d83d49cfc29ed33219410d486ee2a5a76e3ce4d4a87
1e628e03bade3e8352d03bd127a1abe4e31c1b8074c2df35955ea90f28f7732a	08e4203fa7cc7a93b8d9b0464cba0f0d3e0022176f56fd1336701cc2dc6fb592
1ee0bc277f56ad39cfc79dfa4618547660a372acef25d499de014034dfad0ed4	f75937e8007159eaef7b31342cb0deeec08763a5b9f538ef0eba2262156ebb1e
1f1a4cf9e3ccce2df488a8a15d03d415e8dcaf2dc7508991e9206148b921955f	3434645c2824c86df5f91d19fb9e71a4d71a3a72d5e9286302f87317e33e70f9
1f2c08099531252814a8604417a726454c5c52b98ee02f3d548da5fc9181dacf	9c81823967560d12ce24e2068114a43abcb316421c655e4152eaa7bea8135c47
1fe9f5aad3b5b8bb95c7f3896f5fb837753bdae8c2fb99cbebf139b6aba10200	e5aacfc61090eb0011c652ecc294d87012e8699b816eeb03c0128dcbe88f4428
200559b71c2da46f0e790e277f4e513bf6e9000939b50fe6e3be043f973b6443	c8b8861ef41a86f11d832865a9b6dcb35942e466e6a1660503aab0cd5536b255
206c726fc510d44237e3c46a96457890530e40ec00575baeeb9f1d84ffac6ac6	b703de80fc55e198ae70e684b6c9c7f9e20fdb28a88818d50255224c1e2c7cbd
20e87357eac9806f987988f0453340ffef448d0a92368a144b1aad5ab3667b0d	324d6e50fe4bba315646e5f1789df8efc74eabb2328499b0a75bd3b5778b61be
21a0bfe1d5f8def79f54351bcd069a32e0b36b7a9b51427734adde74a24af677	9a479a56f034014743a0740d5af03ba0f392e5f47bf3a20298525cb7ea8b11eb
230de2913ad10cf400429436b6a5929729c23a2ffe6c9788e6f2ffee3a93469e	cf2664b49851a48b0f76ed9cebb97083c0a8e2465da8725c0b05890977fb70fd
234a8aaa679d44e8af74d9929fb524f0a2185a86f3f9630f4bb3649d4cb7375a	4febc98b18213a04a5acac75acb12b51b65abf85d2d153c2bb519586b7c5dca9
234b9c49d0d43cb410a1fab404d56a3e6d2453ffb887cec1b6b40324946fee8b	0c28ac3d5903c1552373470401209f83d4669ed433b04bc8eace08fccad23e62
23af3a1f4c428248c0b68cf749af45ec17bd81d345f38c2fa437131e8d6c0f3c	2f6027394dcec607577e44aa84a7b36b252e2fa4cb696f2691f46ff74cdb6b9d
23dba7ede5f073b4deead834ce7bd15de1161cde82354e75ec76e04dabf226ac	7d45fcc8aa4a12ba305488c2d3a23646810696f69d7894fa9549c3b3e3a63dd4
23ff948bd0195a98edf57cab709150873f6027ca4e30e3deab3c7f3afe52d709	432fc6c74787d31d974fd381f7a885ea91a5da84b0edff11fe7a609b06bec7c4
23ffb369dd40b98ee2771fc7e578f54b0d0e09306a974eebcb8e02134033f4f1	c9843a5f43666b04ade09637021c9e67658a9492f1b6727939cd95e1aac2abfd
247ad6bc088446098eb0a3185381704e341188fdecc8c1c44d27924af1117e65	1dffbaf9fd314ab1f90f4585852ad2c0286553ede82e47a763b86b35320b1916
2483c27add59c67af71bb2e8ade2fdf181a4a85e00cd81e1c98e4f4c3acea8ad	c5ed6f167423e73555fbbfe3e6a24e63fc5b8a6dd67c80c20ec9d72e41714a10
2485dba45e095c9baad03630783a610554a8c38584e63c309b1fe4d08cc6daf9	3d1a0960f9479b3216bd87cd43e2ec946d6915c77aa47df4014dbc5e52a45e2e
24c343c11fb1be8fcca7c11bd39a894651b955881f21edd5d7d3fca3d2119b0f	2317f4988a16fd64eb5399335ba86c86b3f6656136d9d21cf064fefa33d0e5b9
24cc5ca706d57e49aef76a5bb955e8c4c5a4ebfa978a24b46b81d032f4339b39	bd09f5ad6518af967b7b753317b982fedf4f7b517c601586f30ad30e9b8ac12a
24e5c69816d9a41cba14fa02154c76b68961a6a2193f049ed41f71f4d2151b1c	065f943cd8f64f579ab6a4b26053dcbed84ed98687cf56fac94f103f61f9c1d8
2584eb05bc5a56d888e9a6931ae990328521670626b6799eb48f29b2563f571f	897b711d7ad2a1ab5fe947478ab87c91aa0a43e164b72e00073400c0161319ff
25960acd6d80b647561bc34f5d23d07e9cc896d83f3efbea4ced663dd239ce17	65d5a38523d0d9c8e234e8c7d6c9763109b0068cb95d33726286edc00697722a
25e3fd655b7d1006c6bf822d6be92df389ece9acb24a84e08e7cbedc83d36031	8b24a50a2a6a27b1c1218e7decbffa9410566a8622f7a741af70b388e412c624
26201d62278dc10c93296568fa77216de6e220159fee811b0a963fb456c546d1	ee8c998161076f8cf7e37387c11093bc308b333f4a65908247a4f4a10c04c34c
262ec16545cf1fcc96cfa3a0a2985bb59591bfaf133b2ecfc60518e920931328	a8c26a927ac1115fa59e7065d7294b267a2d797070cda52b6e2db016b58a711c
263493bec139955510655c1d06dc94d6eee4100e42c5384941e71ae0e2fa42c3	b98faff0059cff5ddd95e1d9d761254e182bd70a037fffeaccd1bf735e34fff7
265e746baa6798618a34d2d6b31fb37c9c50d7e96906f5d18483d17f7b6bcbad	18332ef8dd2b5e9a74f54e07bd6c022ef7f2bd67e7eb56a8701bafcc2921d419
27673e79604224afffddf30be2555d56837a57369d2f67a31dfd05eebfd09b36	bca28d6a8d7811583fad55ce7b1e0d7aea58f8c505142e144f4624a4286bf9f1
27f1e1f6e821faa5e3110ddb7ff25fa5cac9049431cce4f99e17f1c0cfdc8955	4a2118a190e7c89cc86bdd8ea3c91e06e45944e2e7a0f282e92afc325b81a95c
284f8aeddbc6c9eb8cd3e9d1281b41b93ac90b76a18c10118978a334c8ba0e61	49cb0f4276264f965760402d74885cf3e456359ff2adc3aa9ed7533ccbfb11b7
28b104386f4a23961a99674078730d36587f3725cc7764635447e68057976555	1ff5f2231b400c545d48bb2d5e4b5ed9699b5cfde0daac5bb9b7320ec5fa11e8
28c0289edc5360969721d03917e8edd658b65fbe3268c96fbf4ee7ce3b67ec16	87b3ca225ad4bcd54d411604656cb0d459ef3688f89a914c033cb0b321064a87
28f96e87660a185e2641e4f690b865e4021a8a1d653d7d6c7fe016de61df1d84	99322a289d1579c68cc264faa2193cd54a7bd62892c81cb448808c466e77e4f8
2999f2fb227afe27996eabcdd0ab3f6cf8cac211bc0383bd920415ff29a8b317	8818b95b3dc6fcd09fbb37698bfba0af14d2b1f6b71141eb6f61f474569c8f1a
2a664a1a9016dd4e177248ce9f153fbf140d4c28715ab6ce776e4af33540e239	af662b593161a284cee4cbdfd75d11c2d9aa9469313642252883f56383083378
2a9814597918038767ac06d6fba3b3d5cb4c5d9217ed935689ca2e50a5c79107	c04a31963383a513707368849aeba275a6d1cd90229bd9eb6ce4cd72463c1647
2ab713bca884d1bdd8e624548e578f27fdb3c17c64c0f4fff35a2a8673d1e55e	e78a215ac1f38c6e1d0e25420fb87faf708b7ea40ec36183a8ba7e77afa632ce
2b2ee07caefe90570e98afe124012726204d8cc442a30d4b76011fd1b8066955	bc16474084bde6a90119653bff8fd9980701ca34f11b0229b092a132cbb31ea3
2c58e3198f5c9cb26cd79cc9e59bd46bf3b4081ab37aec712ebe19feb72597db	9a42febd18ef0ced4c6a8c47f53d33b23c9a5ff9902ff7060951f8f391c302ce
2ce1eb08a871db1bf6afe272c8c632d5aaa7d5422c989414bbe7b328675e15af	1a9e6e22b9b3c89c9c6d46c9c28c82ba1e001854ba0f29611322135888efc264
2d1d764895a57ed9ed36a9ba76710d32f134c19c72bb537ec670e1c8b1102580	3085b5c873e701bce786379471c2b92a326de91129aa4d10aed84168b0d0924c
2de1bb07615c600b88bbf5a55e0624cab68deb09c80189193fc5b9aee7e45f93	c13b833ccd3b52ab70928c83a7aa8abacba15a1bcd1b7c24ea40fc95231e349f
2e0629fb05bf60d639c3cd4f7db5784a6dc5c13729287e739f3cc9ba33d03559	294cfcf99739feaf3c414701e03d6be19a1bbcb65f8a7908797d67477d1cb0cd
2e164ae1700f44c3cf4740932bd62c2f54a64fd19b32fff4d185c6a3642c289a	8342d3b2d9eb6a9e047002ac310dfc2be871acc5699be4064d71bb95e6fdc73f
2e38b0a05161610dd2d7f2987d259d6044ac38fab07f67a6277df8ef339021ba	c045b4b67f0bef7083889f8c231c6e0cb6f88f5d6fa7b641cd2ac264e620cfde
2e9fdc8a733968140323f4e6e346a62b702fe32dda0ccc64973dd373740a3094	f2c7a6fc48eb50796d6d9dc3e7e3301a34187d232f637e6c9511deeb1c4d0cc7
2eba2dd7483de9f6fd17ae7daea0cd932814ca6e0f7fd9726888d15398d87b14	44f4472583c915ddd96c779989ea304d8771ba9eedace2c7c1fc782e77c9810c
2f5116fbc16196ec08e3c191ceb6c432042b5f94e81a0e49520bce59853dbe6c	39f5d6428d213ac2dd62d904edaa4709e4655200a274d19a84a020a3d16e3e9b
2f77656725f6e50dad9363e3d68735f0c1a0439d6529aa17c8b43d1c462f41e9	c5e75a5f39571fc370c1efceb6d00a0b465013acb0b6696372086c2e9a7ce084
2fabfb279d427f0fe337d15de31e49617b001b70649ef151210688381661e3d5	a93fcb29fec57fe7dceb9a7f95042bcfc8a16b5ba979ccd9de9c8b4231bbb2fc
308635991af4fb371bc23345b1aeaa3a6aa8a9cc2f1d33761b8e3520ecfd6c7c	b418e8dc8d2f779985d9446df6c0bad37302e900e2fb6ccce56b4847a48624dd
31c539982fa1f497f5bacbd704cbd96b4b65392d0028221f839d4389f4b12a0a	b61cb9f3d923db742a54b62eb8493e40733d03330f15f78fb86aa8cad29546b9
3227c035d23c7efceca4f4bbb42db0c733aae5417b4813cf626f3caebefd8e70	fa5344451425ccbc0900c46961f28c376ccceb0e0c06d9824fc317481a2a5ccc
324969d5de79e56a3ba18b63eb5da7515c4db3f9800ea2a068769133de7103ce	d5206088ca01d3728fe74aacc183ea03bd68e2fd7bb5c2f690d639f565cf27e5
32b4648614532263e91e09af3b1ff9d9624e3db1c3a2b7cbdcad0016130c74e4	d94a79361fef92027654ffb05ba34ee5aaf53eb2240fed574528f12e22d0d0fa
32bd3746bb4e8e0a2adba8df008f37b2af3ff3fd4d540e1a9446568bd7cfb2d0	1432b5dc187bfa9225aff677625fa80e86eff6421469a31b3e499d843b551a9f
32f6d271dc3656781ea8f41520dcb4873714417cb4d7bd2cc73635d2589afb21	d1f26d36f862230eeea432a288fb113f03035968fac1300b31b88636a0fa3c83
33574485736aaad81f146fb2b3d503db463100eb2147d732059fd627b60f226e	e2bee30d43fb3519d3353e62c72d8e76de472398a8852b267e4e74c3e83193cc
336c662e1763fbaa4eaf796ab6a3e3551e42a635541f1052c290001555d8ef3c	3059bf57a72a49feddf0e71e5bcc3f10788e5e4b42f7862bb2ac62c23c200a4c
33d0784b3a4e8df09a2ebb7d4646f66f4fca25ae7487e8fd4902e03473215bde	643f67338a619d758c556f8c95a8201fafc13bc850a635607c9b4f15663e3d24
33ee88ad737c552a859d0cddd52f3a4b3b632bf460e6caf7dabb964ba3d67ab4	5efb3821b022725eb36c5e309cd656717f54b309751f4622ff8c3298445bb333
341467036902048df3baa9d57754563a047ccf08f87f6440c2f40331cc3d0e23	15202087c078fb25f3e31c7087fc65f23a94e9549fbdaa10efe7414a55b60b7a
3429f572ef5ccc48a5adda1f8cf7f927c1c229a71386672b0304b2a188c58c4d	3203997d4d89d994dd860d515a5cb7030b1803631a9488b46d9f8edcfe025c60
344d520b80397a6c569261a1fc1ca80603b91167390ec91cb2f9533eb205e5e1	af99f440c3c060d3d81f0ac17936769fdd85ef887c8ac5faba5470b38b89e4d3
34628fb6324220e6a80a805a918944b4117d7620eebe3047bc255dc9b05b9063	f736cc9f0cd70f70667c0ee0e83f4ac6ab08c5496d06addf498f6ca93c77c176
3479c8509ada0c6927c0be1b1a7fa295025acfffeb50700855032b47efa075b7	084434398d3f99402917f44fe0d85121d56f1ca96126c025a0dd60ba6975fc43
34950d42a78b2060104e0dad8a1e00b18bb54e94993995ef965a4829486d7ea6	c74689ada0efaaecbab7efffa3f936e63b14f5d3913b7b27e663e40ac7e043db
354e17da3661ce864015d049374d69a73a75d7939e875d38dd291bee56f5870c	c4e4335848a194dac7a68ced7a361752e07ca836bbcb2c45ea3ee85f7ed274ad
35d76f1fc0574a7c0c5c5b7b1e654a91d85a24a4ac4a911b7913f44f75318f8f	6dcf0be1292702d55bf20c39088fd28722da8095cd23b8cfe1795b50d3213b7f
35fddc02cd2672a9697a85403d90e596072b5c71f6c589d1e0c347ef92a9e184	49f54443aa673721106bb03b95078758dd1f750c76a57659d31f242ab768fa89
3637a2202d593f975a800cea38c8a6e202149ab8b8b04997a07bfcd605d11748	2d3e655d60b5cdafada2ce79ca890c51f27c118fea09275f6b283fdfae263ed1
3639c1408026bfdcab91efe8e452177e5a15c2435ab86b2881d40ad3c4224c89	264c1cad9c7f8fe4308d2e28ae6472b510a7461ebdf2f3bbec4ac994e9d17547
369445b988ba311aefbf14b040b3cf34d6e3cbc06cfffe510897dc92d18a304d	ec88264046ce3512eaf9b3fa4c32b191c54b8f28c54b8207e7579ef6ff978949
36ae30d789db29a01765a6fa26b1e71d90f975f19149c47ec74d053f4fbbc070	a7b735da990123cd55cbf87717cb0cc456dd09f02ce4ddb3b00651f8859f5b93
36fd76f3f92840e123b15ef4e670c97498464722f6127fd4815be0f1c0db8b6d	8ac69d501faccbb047d104e96797cab7f25d247ac1e39198f476333ddf193ba5
37e922d95596c0a1f3168dc2c89e5a3fc88adb4ed69d0629e943bb56257c06d8	1a16756b0d7fd10d737365cb763c1fceebe0d4cb74cd576b9b30b2000d9215fb
3895691dae3f0fa7e7221dc53eb33adf5fa69a0b51e47344a47444e332352e7b	fae4373bd24e11ab70a57991a786d04d2b4d8f9c32c04753732f35fbbb7ba078
38c0e0c1d11648b54184e2041a342cf17b07d582901a30c1a8abb18445eb9681	8235f44d0f03c32e16cbb8b9f06908d8cdd15cd56a85b013aaddc968c5c81adc
38e1e9d37c98977635dfcb25659e0ab8e2a30b46d6382c70755923ca7594aacd	8d94a5350acf1d1cd9d784805f59f4ae8fae1038386eb94bcc83febca96ab758
3929cff5858793d25d6c351106fe4fc8e10b449f52fa71320c91eeb39f3e6386	0003db6aabf4732f41c52d6f9d9456ba22fbd21e6c05bac535556141f9d49744
399f886750048c61408732596e31066a3705996571ed809d2106d2e9463bd4e4	1210adbed847dc82d8761d15f6bab47a9331a3d76d4527beeb518ec5e62bc2d4
39a12cca5d793a6aac6311a199f2bf5aadd04e3384209c7015415aa70dbf7b50	19bfc00611186ab58f14b099cb4afd25e576f246ec6ee22964c639399a5913a9
39bef9048d81383ae79194d41d9d5c87305a8c6598d299a289c363ef8592c476	a28623bbc721c17b0295c62eb8bad69f42d77380908d0c2138eddb313a5a4061
39d227cedf5c7f8e47a9318817a96801c2334f43251f1ca3b0d984eae0fa93fe	56202c6ef11e9fc1305401b5baef186b100c76d4fac12ae9f26516ce4ad06ca5
39f56ba76506dbffc61b4abfeaf126e084026cab76e1bae1f3022c9375f48cab	2dc80a794ae887e5eabab2310e8b2e8b6f198761702007ddc7c4f2d93750cdb2
39fe7f34a170792b0684fffb1973ba006c6bb69fa13cb2f00af462e6fed2a9ee	0ce417ec123eea31e4b10a8f8b5f89a8e999112d7d47ae6083130004c82ffa7c
3a63f5a142de527f1a1b58006932f3d53c25e2a0bf1e8b6d4b0d69aff60f0f18	421f1a6631ab2be6c470e51fba36ca9660779fee684f1b499fca77fd66ace2ef
3a6f92db6e7b0a8c1a533058c09889cb7f85ae1cffe0ff8cf68ad77efc843442	399d693f3ef2c702a7b233028d92b24d735fb60c96be01e030c03c19c64c0bc1
3a73ac3a029fb956eea2ac4333a696f9f801a2ceb95607976c6c6cee9c92a09a	e691c3eb819507c9ad3777819b1c96aa82541363192d8f138e8553d89559f55f
3aa1faf26d797ac7a111adba0813c0fb684743dd913f5309eb534e66ad64b78d	3bd627cd97d292a49eb424795d0f0505243f975ef48bfbcd1c56201fc704d3f9
3b590d94e7780794ad3dec913796f9fd10ce75ed33b2659dfa5d84b0108b5f20	d155e2777c9f4dd2d4e878742aebe77948f167e87876a971087e0ad426799fb4
3bb84f960f07deb2ac5a6ee8c1b06ed94e8e4177f3599bb1fe94be311514f645	2ac4ddf2bfa0624b4ae98a28a3da1c555ae984d9961a77b1c7c5c760b08dc4f3
3bd6c0d4210fadaa916e23b4b3fb28ea6cbdbce20b775041a818d5df4d410d3b	fd256416c87b12ae364690967647e1c157710028c2c911a53a132d9cdb0c271c
3c1abb71e51011d30b4359278ee3e8a2d953aa96ccbd47b41fe4cfd4f198fdb3	63eaaf287a682446e6ade74f7c239306f88682811cc869a1a30938c3df003a93
3c5801d2d8ad3cedee2a3664668d51864259f9b63bdeb84e9caea44faea12bd1	268a24809dcc0fd9e6880260dd721b95f0735cc521c79d3dc67b0d770a8320cc
3c6b7c9b3d766a48c1833cadb619e66e74b494572b1ee363228a10170797de6a	3a04adf35d180ca1a8907a3da8b92471bf39f606500bb328f90938582ac4f503
3d0f9616e9591f18c545e7cb416b113ea6e611393bc4b134806a53f29ec9bb49	161a62113f687200ca6c03323b4c9cd4634a668239630c21365f7517b1e9bd91
3d1095ad8f70c60b44a48d3c6d189a1f5245ef761c17c59ec5cb00f5fa7c08a5	fd979bfe9d5bafbf3f1a88cf585698e03689eac9bb6ac813ec712285f0b56145
3d2364d1d439f65f9f29bd2cd69d63be4bcb9a985a270910646c24c51af37748	ca0c7d82cc0f5c5444dfa334b8d1e23bdacc052459062e68d9d7dfdd7adc3d9f
3d7d387f2c5a9f3978f0f8b03fa57c92e9db88fc45aad8ba0213fc29782322f3	d838c855fe881715f56c199533bc7375a2ab58b4cca5ebd6969bab8cc8ba1d95
3d9bde61530c6ff778714d4ac17b2a520d2643208c2d210d2a92905ba9a1483b	0879fc0b109d211b016cb82589b40107ca05692cb516a40f4e24d46294160e0e
3e2f90fa48131b195bea87c7372bfe9295e0436627eabca39106e970bc963f31	7b8a0dd7cf288b11b8a19586dc9965c1328e16f69119d6a0fa76415b23e8d1c4
3ea9bf4eb0a240b93fcd29a5d28d0b04f2e3a9d6fe9383d4f832515d8687ff14	805faab013d0ae6fa089eaac6ab132d42b8b7a4b3e697affb3e58bcac45cb2b4
3eb7c6a11adcf1aeac37a3f1d9e3d633f3a29424856e5ed0e15335aae25c945c	d96afc8b341f1c6d698fe4e4ad1122d5688b41e541950c587e7f06b1a6edd20d
3f003030b456574236e9e2f7034e2eea5f2965207e42d7eee2b2b9a4d2a490a3	bae44d81b5da9d97cc5a4633657ffbf5129519d2b22e995c9be8846c0ddffb88
3f06802ff69bc85aac045349da67b22e8fc875b886e97f66e9e8ef3b2ba8f504	e3e38563b57d8465a5c5051908ccc1ccd5e9a319e9c87c6f1abc91d04ae5171b
3f91bd47bfb6dc7ec9b38e15db6aaae6659946fe833fff5bbfd13adbe76eae8d	de342aac2e19a72def08d1de7d0e5a168af89a1e86a290ccc3f63ac65020e713
3fb0191a9adef817cbf6eab5d8cf10ff884526c307a4b89e1cf1d5b4476ee25a	d27e8d1e2f2161cd879076bdb9fa2550570b8288e8aea22e50f013f80c9bd8a4
3fbcb78fe300e88a6a3bc12378bb8e587582ad878c5313d1d97708262ec2b773	be5d9f23cf6085dd0177592f72b928f9d60a081d75464d99655a4eae985295d6
40fe9f2ba4384b16e3d9c68a7958ae7124534918b8a1a7919e9806a7294210af	3f5d666bcebeb3284591f5d59d2aee0496e13a0a89b40990226587987b5ddbb8
411377c038cf4e2fc44fbd53c4a85852243b2248643d51188a905804e15372ee	96ce2450ab5136128d81359becdb2bd5a652052ffd059fad0de1167f035a1880
4123c873e789108b6cd88c52e9bd19d04616addcf4445532dd68535d01cbdb79	557d8416276b621a4ca7285dcd331989079b4461e33f3219f7a51388cf27dca4
41dcf0349a88a839c5ec21cb43982ec08dd93db33ec63d5d34ba159a44c3ec69	a1c7edd0e2c8b5dbc6df2919ed54f5a1a95913b99afdee5ffec2feacf807fea6
4229f086742ac86b52ba3a1ba86d59ec7066bd38a884dd7f2de5ad1324617326	f570516d38aca75aacd28f32e8b308abceef037af0ecbff03f9138f71bcafbac
424b3e408b0a2832b477857d6e55586c9ccc35f68a2d55dd1be95e537bf9f4da	bb9d19988c74f7f04289b693d062fa168ec53c007e4c6d0762ac87093f1bc4cb
42c6f621d8d1ee0ec6cbd4c1a35635aefb2dd7e3b37a3fbdfd9733fa3ea2d705	d1f5ac9eb9f937c8d220ff645b687d3d8c52c2a663835548d28f28a16857b9f6
42ccb88e555c2a2763a94c9d79ab974e463eda07d576893520536731e5ba90f5	3c1d51bd350e9cf12d51b33a272467a2b8a44f2ab61a1c20c595e2e6fa240752
42d7fa1f332c403afcf86409c599c46b10bcedb4cf69e541df51d1719c1de562	4acf895f8759f76407c97ebde187d37b84c92794fe1de7f7817ec5d04bf9782c
440bcd72a96fb920d3b61a749c394fde634150f8f8e3c4b939482bec35919c57	d0276fb7d4c1eb6fa690e321223cd628d796ca2f4320f81bbb5a060210c5baf6
4472b61d0a6688a242369f4cc124ca69ab2b14f34e2663cabc9049e2d336f5f7	9a0f33a8e93c675db65b2626e83e63ccb8d65dfc453731c85fc8fdf466e60b8a
450f0af7f48a2a8476c365aebd053073a860239dbb08db9b3b75ff8af0af4dc0	1e54cd5c2bd4d131086667433b1c7ab3bcac7b5a1a9d009ee4e2e92789d8f87f
4566326b0354de74022a0b376fb4019843d3650d8521f1a1c226f7ea65af9e9e	7ca8a69525c9f86aada5cddc589e9453aad9aa97369edd28040c670545b8fed2
45b91c1819fc5ecdc540f3138bcc343edbfb16b63f053b22bb050943e26eee3d	8eae5b43532259e6d309dd7703a8829948c5a536bd41828bb2ccddbb2506c4b3
45bfb8d0650601e31fb3619b0ffc7c0977d2871aeb7f3f3252382ac895cb2af9	a28f0373beec91a5c0d64868356c345674e7b9566005f01afafcc0657378cf07
4610ece6b9309da93f3d20da3181ba3c9418ff42694c192d2ec90e66f79c021b	a53958aaf3b99f9d91aad9938584b2bd96cab41160c654c4b38a2d29f7b6665a
46481fe334e177d6a89292c57545a19b08ce54244999c4fc839d7be652b72308	35087911c50785da9f23f3c63610bbff4a732a4b31900e2e978b4678eebef244
464c602de761f3062320c9ff616705dfe777f1534d515c137533a5897017146f	6b4b8b0be85394a4df9c49d65647ac197ad2b02591f8d8849562036b98838d56
46acc38814873291704aabb5b5432b23555d9d8af627c199bfc8456dadb8ad1b	c826c69b966771f294047b7cca5350fae446586106512e2942dcf3c6af6b7143
46c6f2409ee297a6681fed057a3e6810114dc90c4f0a2800959575f030107dfa	0e0f06c2ad6e4482b167dfb04ab61c7c9a13fb5547ad96ce3d8fc9faa930c571
470f78f21b5d7beccf670bb93d419e133c89ddf00bf3dc917946229bdce6df8e	1148fb5e22d96cd58b4ed1b32a825504f98334adf375fe7d83b947832907cda4
48013294df76b4f1527192a184ab06a8c8a5f45a2c15f92fe4930eb670ca610c	731eafa80a8066d215fb4875ab564bb2272b912082af34f8db0796900d673e1d
4833b546d8bb4a584841c0e5e9a6b6f07ec3c857a3568b4b9abb448fb160c66b	6a93e4d89ee6b7d2b86038c28f7c9a1210be502c20bebeababc4540b5c0f4920
48358ee16fa3766dac78baf212071ea96a54fbccea0ac8f2e576c2a1f26fac4e	93ce38136615cf5017fafabec94327e7897cdf8e8a9e558a497db71a6a53cabf
48defb9d156be3d7297bde9465bff4e41affe5a4e1f9acef27d2869ac3b13f4b	d75242d1851446ad170bb7d502021337dd4d7f560ebe7a18a45148aba53f9cc0
48ecd8b7d1df862b7bdb65ce448b099055b476b968b6d62158c9682e4c66c905	b18706390962382be255d1c85ed55c289a6f0b7f65da275a3f264b326bc4d569
49838a0f0e99deec3dc78b85f3e4ba77c6a5a2ed610ced682434b269e5ea12a3	233d607737dc93524363aee1decf2d416788db3eef5910172c3e499cbd3b0799
498f7d4a34bbb69f1f0b03c1454914f5bfa016d7faed0ddc24addca96baf7492	02718168fa740692f0ea3373640d40e2c6c89607e60b4dd18f0b74a8e4242e8c
4a0383b18eef79b5e403127f56504ad6dafacd1cd02905e99ca2ff7ec46cbb56	e51616e669cfe2da4853bccda61f6514dd23ef84b6730ccaa28d47d1c9af6b95
4a0b315ca3b68a13a5b1c718fc73e8be7857d0c8364d364a94a57583e8a1d8a4	d64aa2795a44021741a8f8473c7b0c457674d60d2f0e241a984eea1e058eb484
4a59217e7bbb3a5b5afe2ee0d6fe00855ca8609ee7d287854266d9086f5af78e	e04ea1be5132bc2c1c3bfd8c397852448886752a34213031559a6edbb535db85
4a81d2887de787615232245ad13861d2ca050b2dbe1c1545652c551dd3de5ed3	c668ca9e5788fb28764d35427343883ef17a76c7e6c7f75d746622e07f8e7535
4bc4287662c6fcbab61dfbb337470e306624a57f8332855d61a03eac1f6a9da4	ccfef958414e66d96c9c4162f5216d159ef940c1f881d853808b1820204f5c9d
4be0efc8004421e7cc43c7c82c10f3fe187659fe6d3d08d98a3c859b8925e917	70b3289c3700d2cc0875b2f811e449e77fd1bc017bea1247021786ba5f56be6a
4bfc9425281a28d7ebc3628cb6771a43388a3052f1e78e8c64eb5ec8d0b17167	4ceb46b518d28f77597aa156ef6a69122045a9cc832054992a1c7b6760335a8c
4c0271acc11fa0646c5d46ce455636ac464a29de2b0413eea2f73d5313a9f043	aa3f56e5b9b40ef9756911d913e026b446836ec4c3ac8723ec53424abefcb8c3
4ce1ff7230468c98089441751e83e562fa98b084aa1690cfc272b0627aebd987	f3d7897f1829e10399d5f29cef21e34424da327a55db8447d8b5eb1497f42f80
4db2a24303232d1707f32bd1ddc76b503e16adc645c455a3a0aee4feeaf7f93b	c8ae0b755a88e89e88af11399f6b2fd8a4b4b94c7a1d9972509e24ad6f43813e
4db6c44ea64f24f8b422d1f612608437d07bb5e9c403e04081781a91bdfd0004	58a75d3671fbe4f556035bb75445bd89bba9eeae712b3586d0b4b6cdeaf0cb8a
4e255fbcdc3b34684645c9a393ae1f2f2c8007808b273720808d8775baee626f	07f85e6ee6384df18844292d69957cecb9596849f504b43965ca6500c03404cc
4e8843517ace4d360a3136b98896f1fc0e7677b829730ebe992740b797c1ec07	6da6388a63351e37369cdb3fbf45d9faadfd2e3d0356b262c2211632ef9adc03
4ea728c6cb27ac1069b960ffc312c5bf34e0e3c63544776646e663574cca7085	b70648c7747a0d8130bb8824cf222bf3cdf9ee7676dbd8366f748f3cc75c50b7
4eb27db72115fc3e36e6d72c2f9afa91f5867f3aa78dd2a5b422593a7f112e01	3115cfb99db3d93dd2299fa89bfe31de6577aaab32c25f800cc1a42c03fac5c3
4ec15a9a5c0918803ebe9cf900098464fec49cfab5fd3025d29d996daa49fb7c	df41ae1e3075f6df911db1635c05f6b323b61df065fc59579c00c8399a8c0bd4
4ec688656d506bf476029f42551d43c27424fd8bc98bba03da44e8fb7215379e	aed83ff43a329170079f3365211ff39bf53c657c2d22feeb7887d67d94d61808
4f3e54f59521c7443c4bdee5470c2096330d26c590821087d824095d9106670c	3bd6032e42374ee2a0477e0fddc6b117269e3440d7ee8e2566bb8d9b3c977455
4f4d3b2c56a27b6be095a8d28ffe5048571a8370d7a38604d45ff3e236223939	d214bdd567464bee1e85fe4ee1988ac520d1998a765b609102b63be557153519
4fb25a13aeebd760f71ecca7acd9b95e5709a32dedb3a61d12caa477e73115ed	71bd880797317ede4896aa769001a940ffff2f4a3e9d7b8c0af6e66f8ed4630b
4ff6decc0f23e289b2c437bef11fa79bb0a642685390cb94eab4634b27edcfc1	86351b24fc52879e9599f70815f8720ddc0f6d4073b08e66ba02121cce5a761c
5068b8a4260545e16f75583ec73e495a36c18b24a6ba5bd7347a662f70a3036c	328bfefc11864de6e733fa8b779a5c7331d9656ae4ae0ef5008e7fd9934867ba
50a28e4eebf9370af4d3387132cb97b4625d00e59ca5a87a4057985aec218f8b	3ac31274645354101242bc8497ae4efe649a6f2ab17a42392220d21ea97e022e
50d256044d43461c36af0659c5ee97ae5137b8968bca2055ff1430e2a7243c5f	45ea409d7c3ef62d40a16e5b08fafeff2f7126f196d65ede0107815853fc6580
50da954cafe2c685da06a339e3e62610bc3d525d66460d1c92b36590206b80d9	c7004e6b1b04f3bc676d7421a50f13e5ffef2a56b5199afbccd0a2f34961183f
510f4e5f496b199d436be2d29988fac986ee34bcb163f8ca44928c11ad941fed	df76ea8710c3646e435d7f0b45d2828ad56f33181ba7852859895eb1fc92434d
511a69bfbeb11177433f5de8db1c3d08e40e12f756e5a15db12adb50e201015d	95299b70f085b365a2103c171c208e66243622b2138149f05356f26d7c8de22e
51a96948fe79547050f2034519b6ef264d5248a50a3120cb411baf040ab01e17	98baf6727779efaee622715731a0a35daa8720dccefeceaf4576d58d58a1adfe
5251d67d3323afdfb746e42ed4ee94fd7087bd308c5a09e9fb06ef98b82b943b	6df82e0b2cb67cc3653071a654713c30147a72aa4f5673485400395d3ef16030
5299e6545246dc32cc613c99673c328d0c5ac1311078fd7fb79aeddb42a788c2	556d3439830b01c19003f85918cdc80c4968f7ffcef629610c495b756b280c39
5316f77dcd23d628b13a4f2ecf1226baa56278777354afb7e4c41500e2fa9538	29349b9d38c50199174418026431c8df98b7a6db8f46964e10b306a9ef7da334
531ddcd08d435700b8965e7edd0f498b1990a253c48482cf76f5722167cf4348	7fadc6eb614e560dc137d0bbf81b16556c0cc007957ee12f0c85bd6e2c30a3f2
538fd25fb7924b7ea47527a3b6e61a86fefbc44b512d4de9f11f71429b60a9fb	a756b452190f9b65d15ba4ac96b08f27ac59f9ad1829637b8b10af10ba9aace1
5392c7e1e3242ae127c872cc449ba85953be29290e539f0e0995bcb8b2e9f1cf	9da324fbdb130a6703005cd4a5fe8150fc6f00aeb2c2f58441cfe5e456d1f8ee
53e78f00aebd5d8fa321938832ffa0f82c153f64072fedd06db6c2f21b348d90	235c299b1adda0dd1b0f5c62f6367fd7a97793f79ce1463ab2a8eba3f88b7075
53f376b8df8823edeb8b4ca38f52efb6d0e38167fec2eb169c299767100405e5	62345c5ecca3f5a227d2c3f0d05b1d186d4f882529ed6252ae14c1ecf2ecc741
541c37d7588e07023b6e6462700c66228f8682af9c5d4bc6e34d14386482e3b1	16fffd97b3021f4168d73edc5831cd9d09bc4af90179bb83f43d90c5b407c64e
54bc6f01b6c157825ffc1a95a9d6724c18679e1e177d9f9de7b91561482349ec	a5b066f406f8f1640b987890153d316b818c61fb50014235b77a209e2e7f2ed3
54e81f97e64cd96e0cdae1ef7e193dabe0bad04824c77d398b93df849d856359	d6e0b46238e196a876d587d84b3447bf7a88b676e0b5e4092da122aa9a8745c1
5526148afc560d575b8e895401a76afab6de51d75d2e6982cae2cf759f62ef49	d08ef8f979c08b5a691d917d664880e000bb3290b9481f62727f6f5df4799d80
556803766109fc01e7bb206cfd3e4fabc9498e8d694ccfa86d790bef02f62954	1825478cc4210435ed545887e55a9e531c3c6468328dcf3ad2f4eabd9d0ba60b
556f47f68869dda27ce619f47e4f6fbf87c6600e963aa0551ed1455a1ac63467	2407c100bb8ab391b72253c57917075b245f7b701145cc4d78070a2c86ce7085
557107cc4c4efc08d5f9e7e962f09b0af9d52ca67b8a803a078f24b6cd28dd7e	2c5b659b80dc709567a4b55d5af12236ff2d02392cd08ceb85362bd003dce9ca
55f35d2bf8d6c75090e2015a7c5b69f47d8c2d908c3d0d18d4407bd4223d5124	6389defaa51b1b1954161bdbe14c5a4058bf6617d77ed4264b08df6ae17af136
55f6b8c6b2277f63d0f03cc1fdbf0423903816831630546f71a2e769f235d14c	dc01a2fafe5f604c1f0f204da04c18590b4a8b8f0429dccc8a6c812952aea842
564142ed937f00fc447ee30b643feffbceb40a0249318af06dac73f7683d2af0	c2ba88ddb03a83e71971475419c07457922b5f4af179c5b6c2683802277e761c
5688656fa107e0a64ad33bc5c453c710c255a6c72e56a2618a4143a9f8bdb570	013ab208eb7b23ba88a8aabd6cece664a8e9f1f0fe8f620d90a41a45ee93237a
56eec08632c72edcf8a8fdb33b787071990890b59bcd3ee15396a1d0c8667ddf	5c0d285f40cdd5882739c91ca323196f75904b9ea9465dbe718532debdca82e4
56fa6e8e0b88989dc422d9caed38aa4c0ae38b49345444c2b3f84377962fd158	38e83a8d688d8ddd0239a2f3dc5f7c2520186b382d2842aa8ffa9e8280049fd8
57106ed750c2d0ec3a3e8810379a7dbde4b12c935e48a09cdb46242f5077f571	1b6dfd20c659bd41d2111f9b9467d66777689301daaf6656a155f4aa2fa19210
5713b1429a701132ff64ff75bf4d06f17ae9e61c00b8caec7bbff964ed94dc04	83469ffe4d865967eb51d3ebc6e7c835fe26425fa3d36ee61ea9dc2dea033999
57c43f3a96eb0d6993e54fa2f2dd0f2bfbcae8c79d58fcc6f2b69f63a26116c5	1e447a6dd07a4a3a671bbe0e74164f90c1715cf112de6670bb91e53e4c007bd6
580bd9bca4972555da4f0217fd1097222f1a7d7d19b0e8d1f6c5cd60d58659a7	4baa1833ceb0c485d9289f175a80aa52161a2e02db66504e577c5560e8596cc2
581b2ffa1c6f40e79b04005f0744547d2524bc03b7843a4ff7005825d2bfa1f8	cd0025c174627662c7c82c910e515dedb6e8d0c0f23bbaafcfab5b28e5029624
583d25f2b448fb5a73629e99236e6e06fe58bb292687f118bd785b79b6e53500	12863406a549b7efca1f842eb73d631acfe2c60e0b04516f60561527e5fb6b41
58608e6d7e46a4b9f77341cc3936b8abdeed08111fdaaba6bcb8da68cd72bab2	2fd3ef32b934fb8c6fd1c2bb9d6c8ce1e709d8f8a778dcb5204623065f4c4e27
58f495a1ddfb2c34792ab6516ba3ad61732e5d95d078f85697e65938d0595cc9	8dda83369450775bee7954262be8b1f1a8b451534ab7f7fbe8d516da5144f074
5956667beb415db6de2f8a0ff8283110c15aead0882df9c890200d41ec1da277	cfb1b1df9207a92110ff0a4b06bf18fa159a06b6f775fc99680cf13dfd184277
5a324aee0c3671cc844e560f14a3fdd92cffba73ce80d0867601c0930ad346d3	066f99a60e17d074fbae7e46808c57a6deb33585e8ab6af7d34246617722dc45
5a6165b64a3cec00afea6e169ef71a34cf969efb5f302aaeefecf14f0ba65eb5	7407b890bda343c14269f6f0f82d6308c0aa669870f351eb0d219a8fa05c02b2
5a6d207e6aec93fcfe30e100a9e0a6bd5593b3ab1b8e3850f180a75c27b49a11	1562156d28f7dcc6ed71c4d833d20e241780a22d9d4097afc3084d333b0c5d91
5a961c1cf7522a2b7d82510bf8b8acb2f448ea2ffb43edfa3c6f24613b29d97c	6001833531e1021c29ee8f2ce6e6f69017e8a6dff38b852a036802bcd570758a
5ac33cd16c336acf42a66cb9a2a41547fc216753820e7bcb78213052b0c3b802	ff0d396b3d24c056221cb5db880b3ca0adcaaa0a96aa8a268e9ac3644768d54c
5afbbba5baa8cbf21cd18a2a99e7cc52227e4fb9a955d822208d8bbcefd0e442	82aca0695c9a6e60415861f0da59233b98199eb21afd2218b94c9b0047066728
5b028552de475dc7ae1f877c719b61d4eaee16593471d1fc73e9a39159666afa	fc1d3cbc0235ee229cdc51189979d629102fa12c2e8a5708b410a6bd6e1811c0
5b209712c1e560addf5fb4672953f5a8dd745e9d7829d88b4abe9019f458edf4	97b8056be401b4f5e55d2e517aaa6355b6c919290bd392503fd8531785bf73d8
5b6a213ebc6be975554bdaeacf3ab5a7725e60f8f9923fdf3dee0dcb090768e2	b3105ef6e410fb8d71db90bab43a0bfe8b4da84b8ca591d08aca292ab808bd5e
5b8b558268d020f26ef77a16734ecc95944e78ad87f26d170761fc093c46ed01	7c3a52caae2aa98c708797dc7e6b4520f947fa9b8dbafebd3731fb53581e2078
5ba73e183da7e9d96cd8e9237556b8511b018928db92c4864aac294dacb35786	44267b07dc68c6afcab51d16311123c19ac7e92a03454f8d02be94bde0261b99
5bdff6857af2e6f4e2d4f45d79c7e4e48161768d6d600ba0a04cade7b04584ba	8a4dd924eef093cacbedc61916e8f1865f35589d1d417f80f3cab3dc974511ca
5c0eddf67045bbe37b59f9628fdcdbefd5583298b08b4f2fc7b830fb2fd6230d	aae391b77a2f02ffa375213bb9806bc4cbb2faa8d35ebaecddb86459d92e67cd
5c204638a8333c940640e8fa90e50a4044b61974fd2fae2cfef83f535a2cfaff	733a555bb892a1805172cfc6dc62e7d50c81ae479a141d116e4e294935009fc1
5c9dfa1065f034084cd1e34af07472b4aa6c73ec7c5544e8d0a95a8d3f657dda	638686223c58fdd6d05e2c7c47ee8cd13590af084f161ed0a2736865fae4de65
5ca796a248664fb6c7ef0ac5e6fef0a62778ea328472579fb09def108867a042	b1b7b04a04212c8d6ca040f4bec6120425e5cbde8309fdda3e4ad003fd190b59
5ccb69070aff2afca137c45e35efa639dd4242bd3dcd8bfb022712f8844d2742	22b1f88575bc84ed6cb1a959d05b124e88852537f9afe475f877f65c8dcccaa1
5d0f706b9ceefb473269aaf7df5c9d65d904eb811a5b2e1c181780a1f4e0d58a	293dfa2458d246cfcaf11513a94ace41fc7923249899d4ed49a12c214f10170f
5d34a016e1e40521e0b99fce4ba8a9929cd5dd598e4e03496bfcba709538a18b	af95059c46ed199844a434ae3b29cf99229d5fdb4effe7f251c31be3d19df31e
5d6724e0b30fc4d018703d1e33167c0dffb13865f67ba1f3d54d83d89d4e5c67	e2811fc07788c7eac92ca4f81a678be2b13f7802d8ed521c312e57644c061c3f
5d6eef9af7ef9ed60170e9c44ba6938699ee0d968e6abd8ecef0d5e1f4ca3af1	847f8925f00e4d01f29615be2d4d8a18110cda2aed29c87657c7eb0ff534e037
5df8c611b753c2411279ced35120ca1af825e9e6f32242b885e17c58065df4bc	82467651b4152ba2d41385cebdfe2aa485a8f34a590f73b3bf217cd8edf79e0e
5e1060655038d6fb853df36fc972a1861746ead61b0897c68e16f268e6756482	4a1f878afb5dffbcd8aa866fd4b4067345e51d1472680f1e0dbd4cf9a64a256b
5e1b76c0b9a16d3790255b8c721810c8c19764b5fd2f0606b481fedd51ec887f	1f7ad046846c1bc0bcd4e6c5c85f414677c600480e71d10f0e48ab6ed4b2183f
5e83e241fb25f8aac493acb896e5ce7e080df091afca223425a1caa2cae12d3c	badf7d93e5c81a16254708bee278ca9646ae7cffd5cf2afcfd4b09d91f7b9601
5e89a4e4e80c94b18e824d6f3c492200faa99740a8d2e91222b490a05d282a2d	405333e0203f221a126c28971bedf3ec2fe1d52a962ea1107f72ad6c3c3ce68e
5eb8d31099307804f2df248d160fa400062136f80b37cc61c1250177b5bee8c8	aa0e2288561e9253a9d0023a111993831b7fa95a6456be46e2390473048c07a1
5f0e731d8d1ead2b8368891782cd287433d5341b832d49587e4078cae2b78195	eedee3aa54136e68e756bc30b7273d318153ebc24a75b7238fae6d315f2cf3e9
5f361ea41af7c91f9f4c89ab66588c654396dafb2cbff8c12c6f2253fbc1c6e8	c53fbe2b39ed2a0e80a373a57fb6ccb646a9f6ed392bf1b8dabb70c2012a8099
5fc11e7db83220437f7ad6b121ed5a6d96dc47599064fa97071a08c2e149118b	bc6bc8c69c36fda4f97ad2f1d3a636507b4d7ce2b25de9cacde12b561dcdebde
601ffb381b945abb51391996e826d75f2fc94071a5dd5a9ad371e9334c782e9b	c4a2100237265822696dbc35826ced2b318c34df467b17bd99f2d96557e6a48a
60c7d55b4577ba3c85f22e3b6186dc33c5fc48e076a921d56c01eea17cbec533	a459bce78732a36fd7ff0dce3a0e43d27fdbb55b1b6a625b22fe68198412f9dd
60d604ab599193ab0aeb6f7ac82d3c643cc7f006a8fa53e22aaa111a2dfae9ef	19d8782a29d20b2372dce1072f55b50e4243c54b7df2abe582a8569e2e74d0f7
6130ea5fb3aedec57c90b5599d86f3ce33012aa5659c895e2def97d9a6de4e65	97bb36845c0f0ccff52c8b6b4d1988fb77492d8fb5f5882ede62dc6becb497d5
61aeeb5d0387b9e7096648234f6dcf1bb9dc5081e8b879572e5f4c18539732db	654d1f647c2dd32809f9c9e1ddc891e276cbfae9ee0a42e2fcd3cd33f1d7f79f
6251d4f5ffdd917e3c044cb8fc44a9560c828e2c86df47fccf10011681e884f7	8c8ddab9274058af4fc03e9f9c2e19d8af8e63776f1ae5c4b52b977e11f11c1f
633a339658b90605f34b61edb0ca5fb1ddb937fc9fa596e76d4ac3946ddf6ef3	025ca4e15b932ccee9f132f9520039c77e5eaabea5cc21578a64271b89a93782
634e9b96ab891ee548e917b74a8b48aff0d286c8425e28d7f3fa633ec932b2e1	82c9d6d45d2d628430ee4ed26f5078ad204e7f68d5dd3a902187b633e945e3d4
63c6ff478eb7edba5a325d3c12855b955856d28186184ba6136082452213da04	e7919bd90007c6368a9629d61a412804b8ee3d36c2c80c778c34d505f8ef2603
63f095c0786466942e5a1388667dfa3736d5b9702fb8a05e7a1c1fb7a9124dea	6be370c1afe1f6204ec8b619e944c86935ea7f0dc404c4e7026a004fa3cc5d5b
6430d3186d5919f0d73f989e98fb421e462e042231459038e55156a195333600	8446a14f38a364f6d188ac074ef56e9e0431417897f5d351384ebf3af1dce839
6451e830b7f5fc2aba3e27577a0ed1fd91cd54c95d6b6bbb69710ba384882d99	46aba2279b3556fe7c02c557fc7cd57dc4dbd4bc016f18bd4baa10cffbbbb492
651693fda9ac7eab150ec7ebe16c9f186f053b2585466e6b037296ac88ad79e1	edf7aadc7b3b008f78301ce974085ef45d877088eb27ece8c111d5377db3ac2a
652cc82acdb6a856f97719e04252236bf77044e82965b2562b55207d06678737	04d09577dd8a2fd898fe8601bef5ba93fde43ea2c7651664ee4648c05a5c8457
659e568f65db7eefd56ceb86e8a778a0dc71466a42f20aecd244f911552f54bf	3f5a4df8d980f08b9b62db7d375caf17769ff9265c25ee4600be945b6436b7b6
65a6d465fa3e33d05ceae828f46a7aee3c906c83afaed133b86c04b3df629805	479056e0718f4a5f320d8a9c9e3b51d3a272c28acbba26178f10b56c7a17cbde
65db9b12ccaf13f4b4de5676ced5acd64aa9d00e745f9b145db2fda242f39224	0d00bfc1fb609e77090bf43ce1e717687217af46b58067f324751042e8297862
6697b73e3a3c07c292e834c113d1a161d8f841afded26b52998c4abcb53a7626	07750c012dc71e7db7b367adf6cd4a20ce7847dba4ee99366860eef12f470487
673d8bd80e713b849ef1e55234b02f35609bd1a955c0d8ab6e19038449a37037	5d6221bce41bb124bc8f63f6dda6f12886a37e33bc04763f8945d910fd21ae80
6786f6297407600b8f88f35bbaa80d31d29a26c2c5474ac134d91d85ce6562d1	3a19b27961dfcdd4b3ad444a24cb22b2d286fb9fd731ae8e7b415ef414048312
67d5bab678946eb46478b5bf856888e2ce091c0f32a9cf50979ad914c699af93	f001d825d6f697979a1212206a21fb6a99b86991c31140907cb8f48913caa25b
67e28b015db31a06e8eee9e47e210d6c15cb375254a6227b01118b9a755fafef	ae52043c312b885dd72819643c3903a2c7b888545f368681ad3facabb9972dd1
67e78beb2790efce01b17a2b2689cc3d4c2cf34ff6959abb38a8668899975e9c	8b52dcf097bd1480c7f24b7173358b09a97a1942cd8f918143e879f30e61c3a8
68256cf6df297e610c8c383b8561b044e3b187b3fc4c6fc36d6baed4d912440c	8221ee51a861ae4879763a3a8fe5d23a45c78cf8e25b2a6b52ccb637ee40c217
687a0f158aded883df7461cc442ac988aa1bf903a87eca09e1806c7785b57c9b	e969c0d5c1d0afe13317abd0b35890cac06cb658e97590848640c2449b5afbeb
68840ea11b6ab92d03a54dab93d238e0276db167add9b91c951740a3b2e4c8ab	f7b82b422bc2a0fa2ff54c0337eafb8fd3056ffe62f90099a64a854eeba8bdb7
68a2920fce2601e754e462a86f060365e903695fdf9f3bcba02f9b8f12ff5072	ecc7f7d984f94ba0a9657207def8b4cb4001e5bf363c88180e4e267bd1cc55b7
68e2dd025921b31e647c1903c61aab4e42363dacb317ae4bb5479b31e3116815	ee525a10282d21de5581e7a8307e45c498a8e0501cbdf6162712e0706394e42c
697a9e3afbb16d8ca89651f91e3d2ff6becf5741f2804027cb540716b325801a	4f73beb2453063d8cc0b35960c9a7455674064b2794050ac7dc2765eb088c597
69803f82e80c32ee2cdef4363259dfca450244d9b570a1a8739bee641a3d94b3	a011e3c8ff62c0eb7ba335459168ab4f9e861776ec83b770dd516d794f6015b3
69971c0ccefdce71da2a7e0854479c9a22c9e43e4b72d877f9b71ff1d2349a85	2ec5155cfd7ee958cdef78e8cbf9cd6ee48962741b124c29862ccb5e161fea3c
699929862e5bfe2dc328dcfd97dad9d62a667542e98e48a4c3033916332ab9d1	bc357fd2cb9b87ac5e15f9567302a5d0cc5ac77ca5618bc6972b2c1b087cdeed
6a546a011cca718daa46607104b8ef395890fe82235bf950ebdc9647716293a9	0b08eba7f936efcff87cc943c239e35e0cab3a285dc4eaac3b01b856b94a0853
6a76080522fde31916364d8afaa7fd13f6699e76d5fd97fe5185735e52dbba14	9a35faf173a601ae0d85944d9c591f9894bb4afb3324f3d38d295a7566a099d4
6a97526ce2eb6fa0c49781b426f406a4a531cceb2ad8481586eb719cdb7a9172	22db8e7d3f88ea8b1ea53addbb53fa190f925c6fa4d87f62a177d131e7d71dc5
6ab7829de8d85f9af86803257be9206629803feff43b6b0d4dfe018c4156f5d0	f1f393bf2dbb2dd362f2248e024c332ffe2f992b5ffae544eb2e5c829f0671e5
6acf02df746889fe61d6316e03babab3d35b9fdb8c860705fb3ee57723b284a4	75c7414f28e62cce04b830f01e8141ceb99838adc74f6262908e0164dd60a4e0
6c9b040f1ff3b44818f0894899f3b1d8e189a8093d15f74b05d7e4e0eac61f0b	d592c24ff99de677421b0d6e264267b98d57894bca6c14a1a485810cf27b81d6
6caa157f4e5b71a4bb8f68f2d5c26a9dafd81d807d543f2694616b930c491acf	743eb76acabc0bc7f3a1d7a16cbb90244d990fcb5a513f060080bb33305572d4
6cde7d9981b849565e53bb9762db914d82f3f4600cacead1c1255041a5f1b493	279ec33ee562c8b9e0bd7d6f4bae24f7e1309f6a4da1338a1989e2e2c9ca0306
6d62f7269955bbe429d9a65589339f23020037680120915c566f6f1801c9fdbe	71657aec68b6bf713157f84c47464dbd0fc8aa47f385a3ae890463436b549e9b
6d76770d53a7126f314405ec3aabb52e828394b877f3995ebe4eacd3ad86e05c	770ac220e3544d7411fd3b5b30e5fb75c66f40858600df6e68761d47c0f937b6
6d8766f1ee518941dbcfb2d6f8cf338a38e04546973b0d18f13249897839825e	4a4615e802953c2ff5c05a2d45240b7249fe4099e338d2fc8f4d5a0817a44c7b
6db22853aef4ba2558d482d6c4c0309bb9f3556d456c5a8d27f356cb0a65b000	422d06f1df1d6d61735716ce1de4951a8b1bcfeeb40fe53fb5d73d3b5a406b8a
6dc0a1b2f482b5de67a343e35a396e2790628faf27a8bee3fc35ba590a43d4c2	18e513f7346dc005386a438ff74560fe620a5b4a17693ad6df62003742602421
6e197a419b1ca2eb8eeeed20ce93949bfa514179386e21160a46e0877fee360b	e728e4315a579f74cdae872c786f089e2ff5699e68d0034fac85b6072a22428c
6f45e80953f4e6755ca9b7bf915099b38809809249cd2f22492877a1de33a283	de0fb83d979df1d1e8537c274a3cd405513fdddeb98283c8c254f11084470b09
6f57ce473d666df9499f7f84ba1b651d0b8bdc255983957764ea4465e46711ac	e4acf574a070668f4b332089a2fc490e1a1b0f33d6ec3ed00e1960a4b4689e73
6f9436160080b6f3b7477d18f7ea65a54bdc217d8a4e182ed9200133476a81bc	e770946f878d25069aa2788a446ec758658adde32a5e31670778e4259d3823f0
701b3e0e62a799ad5c5fbc942011c0aa00258e7ead8d51f6e713e72e523f2fb8	f3ade613b85bfa662568ae8b6efc564ffe3e43a5db6d3bad0fb08f78b7b3e277
7031a4453fb8a2db5e2aa7d477879ac4eba86c474b6c5fe961b541907eb63f29	a74f92074b677dfaec6a0ca23455f6004436044397033854a4afb9b264c47612
70a15c9611f87e433ed512abcbd0579af185817e2519ff43b4419e4f0a8c4683	9d14efc2482d5231302b49f4f60efec39e60c62c8c780ea9aee875af97315aef
70d51ac9b8c5a41f2f53abc273ed741ef3f3f0252b3b4e0faeb1f490b1b0f5ae	ea8c47afaa07167c47d8d06706086eb61e90f4cbdc1e110d21346890fbc32b95
70e1c5718e6c22facf56a852c1317d1b3fcfca668701cd249f4e89baa403759a	3a21c94903b32047e28e80e6d458c0edcb9d703be804d8205ea62d2567b49b96
70ee1f28092948197ac2fd4614ebe3cf5e25d665d04b0fbf1d927a643bca9f14	51e6edc8665fba1fa4d13183d47e1a907e9b465fea20e29018207f5660862f09
712f08ad2311eaa5346dee57799545ca8b71bdc5757ab2a6a1c1e4a429cf5a8e	c9191c0e509a876dab9586b5465ab82089081928e1c6c98ab5573e5e2861937a
723a37251fa027e38de1a67999afe491e2097589de1ea5b033e0d1bdd6868c21	c104c079ca8cba2d9fdba604a28acd87f5bccffd2c557bcda260f1a629535145
727963f35f2a1f065a41bbf551881c171123425389a85e3589f57293831bf863	4a396debefb907b7a2eab780ef4b6c6a4d67981ab6e9ef6a740e9fb01997752d
72be8d064f47e94564a870436d6c6349881e349852ec4343488ebd046bde4d3e	283bde0c05cec335891046e65cea649e53aa17b87ddb5aded689221175fbdb38
730c70c3414789df76cccc754131b76ffb504b7c4cd15b8b6a6d367860915c97	56c991b5bb491cd05a395d13621680d57a5496b3494649ce09cac9c9bff5c97c
73963b836b15cafed733a28ee2a623af3ae8d139bd402ee0cc4629fbfa2a991b	e2ebe1d4f918ffba1218648b845007e105a3cf8eda28244f2d9f5e125a72703d
73a5c8ffecf4f7ff70f403bfd488c25848f515cf75793d161cb7b80c6f2c7a80	32d09f5bf452da3ea2fbcecc1350dddd2da37766cff090917d7b55a9b7b6cf9a
73b23b62756693bef72898b278023737ed84610691938dd6534dac6272fc2c6b	9d67147eddebc6c9737747ea3c57385c3082148d366823e7604f76e85866a07b
744a89de3b87f29aabc17580959abeb62755e3f6033e8f6daeca84b67dd39187	2e045e302ed736dea1e99332314bdaaca93e78e3cf4e165ad4ccf90ee027d54d
7454c4c814459731dcc6c02a26ed6d96e0884c199b57252707794412b9957878	23ef1d47220520aff8d064a835b14f64d3fcf2d42deb1ed4ab134e7555211f09
74c22fcbba3abdcecb770a782f4ad8516593b15b8e2407ca61004dbcedbba5a7	625f730d7d963aa37599308a00b72d3c5958fb1446d18670aa66567fea639500
74c79c5a412c069df27b341c7d9388ff1dee60bea2cc0cc6c47868497a8bcfe4	cb085eac8a1f93e12ad565fd75afd77ccbfd7a26ccd753e84d99cf9e54e5789f
74edecb3ae230989f248993d3232e41a44ed290af7ed58c8b14f79217abcb88d	d46f54b20c179406c1d77b2f2a47c9157fdc0314d5916aeb3db334422f515264
75b683097acb2be2269a8942847387b12c2741ddc66bf025b13f98313f0556c4	6ec1c09cd910815b89e79f0686ac252e82fb1f5374af258433e226827dd2e92f
75ea5d1619fe78b1571242fab24e7e0d938444317fd1f88eec6c63b877fcb174	4bd9a8fb2c0fd6c93521ca15c67691363ff506df0dd13707f0911eeb23b7e8b9
76de5d82a9724ed4cf8fe4cf4db9d8dda2dda3b106819a402cb7dd00b754a5f9	64e6e82f6c9501cd5f91e53041a66a1496a00285c2e85889ff3ca8174fdf4c14
77099c9ca546b09ff304c77eb40fd3688326632a317129b1296d9ec0ddc23f31	4d57cdcd03ebc9d395e5ea18f75ef04e4156bf1df6678299b980b2b06f601a0a
77dce795b5ea19fb3a4566228de06e0ee2c3644bfb5771d139d9ee86b2fff177	457ed5a5f7a6b9f9dab760a86d3c515e0c37210d7983699170ec2bfbfc6e5df7
77f541a83bcf439eaaaed96752b141be5b720a357dcfaf6b57c116f344e553ac	9a8a49d6a8c0b2054fb0b88c7acd79076b940b24dfb07b9c319b264e933295d2
77f9678819040cbcb8c46f9a2727f6fc5ae846b9b0f66f1e3f7f8444a9f4946a	c7dd7198cd42f27f00cc59d8e9d057b693c3cb43e40e6522fa3f07cae9e7e4e3
78c230c899a8a52e1f9201887063a03ebbe28cdebdf00232336d368d615995ac	fbf4967a5b48cb1bf1bcf755c6003b7b30e3a081df1f8eff12f0637ac7456650
78dd68b16ae4812fd4fc36603d25b6d3bcbd6cc53977ec8ca50d52be6f8798f6	2e7d728d3658d96c050e92444b77270af7ac2bb13d8d58adcfba56a69c698773
797b5f1417c7db3889d6fdaa229c58e40bd0a5f7811c049cc52abd285724142f	362532d32cc5e7a03a22e35f5991d7f0d8154c86b6903dd25b4ad1a193785339
7988cc25fa8d22c386e7c21f9017df240176253b08da20d1afef0c38cf2f230f	412ad1f9dbbc34854bcf9f543e7ab785f3ee8eff58a58946096a46d42cb535df
79b3b8357eadeaec329f805d82528c87008193f79f469c6c4ca1a2e486ac04f7	7afe32ae92ce93bcf17863472d81ce482d2c343f05360572649100a0d8eaa659
79cdcd0b0173955dc25e56e1d9cfa7d6229ee16cd6a437c1edec37acc3a69b4d	f949c9466ceacc759f7b1bd9db088918c6caab577bed80ac998369ea3dec3965
79fa54dbbe05156c6160cca7360ffe8930573ed5c464d85bc6ba66fd5798a830	a998f6bae9e936c84fabdc0a2698cd4deead8cf5db9faf1079dece41459e2bf3
7a8c184ba7c9d0ed830cb46e908f6360f5fb79dcaa149333492f269ae4a82bed	ed455d53cb18f2f3d88e356ac35d269fd9ae5bb1ce70d9f76a29affe1942542c
7aa1fbac6e833ae4dcdc33458f4519fb82d53ef3a2942ddab2e428c3749794fc	ce5729457a37997662e6dfd6c8a2a73a6aff878b6d7ec495d0ff3e4b7c62bec7
7ac152367138a046da8eda65aa2c2aa66d1e8fe66e461fdd3f29f6b33074fc09	3a6238a798c0149e799e80b175d0b201b558ece5be1320d5d03e24d4ce284ed6
7ae11ba30aa49df2269f4add0799b5a8407ef8cbd19b51e3cf85976d5fc86052	c11fc9bdb79a8cb996f7f42479c7abe746b0d5c3b2bdd2c96751268496e624a8
7bc5a812edbbc524e28ff54aff05c0d2b7ae55b9697a4263e1334e551b1fdb0c	3a51b569ed93c93713cd4f3e0758457d31c7e3f61121d1f32968903851c9668e
7bd33cd24e0b710d9d1c44dc560fc5a4d201d073c66dfa1b541477cb3995a84e	387bbfb0a7a7f7a71d3ba4592c9dec5855a0f37737768f44d022018c34f861cb
7be84e795af1235fa876171259376f2e2f801cc2e148b92530e964e4852fb764	c2480707cfd878006eeeef8d1554205c80ed8cbba029dbc9de83a86b533d6b88
7c36b749bfd4ec28fe53e95a585700340fa72730efff6d612cc331f3733ae604	a11ac8290d082acae1f04aae57deb80143a297442784b88150050d669a47cb80
7c76bad7de4edd7bf8a86c51b1bad07666f7d74aea2f897dce3254ef19ec7d94	0defad05a387d301706b664a49f4c1a4800db05bd09c99cf86663dd9aa8ef1af
7cf33d4193b6481a710a2eeba4318b22b69c6f57e98f4748975839f63ab93489	26e149941b6ff25987005d112ad38f9333fc6bf3216e22f0152436e36b1413ff
7d362c64823431633adfb8213a1a3f496119a4091b36f6edad8c0d38d69c7082	7aa8da95a87a695d3e1c818a23739cb8397851adbc210b4c4a3c04b71df28eaa
7d4df58a5db8be7caef67d0a678820b1615cec06705303aa785630c1588ef370	25003d6a30c7dc4690a6562897386b9815b69bacc903e18837eaac1c9ad22196
7d55ab846a1e60fe1822ba1100998b16931ecb6d990748a4a75d10e21c902205	d1b1c9d6672d6db880559c4956343a501c395a040a8f0dda2f949596cf757184
7dee41d02ef83bc79f7a8f9597fe434bd311900e616e17ee4dd1d786d1aa3ddd	6d71db09199be8255bfbe615dec8a131441b45f225210bbf0b75497650858714
7e2dad29b57061d0b7fbc967da366a05b73b131e9e7bd05dc1374e37fccf6c7f	e843e35b0acd551a1d2a0798502a79e5294fb0c97dcf375d3c51b6c17cfb70e7
7e422ea0ea6256a68fa46c3eefed57bdd1809fdafc2ffd16f1e24cb4cf019f7a	b36cba2389d2ae522763ca7f3c8c26a7a726c7c3d69e8e22e35effd96857f98a
7e7fdee77d8c6bcac25a4576eb0241233c145dd4dec71e724958dc558ce41464	ca18e712836cadd971752fb3e0a7243177fd620d290ce30b57460d3b059b1809
7f4b43759b59616b3fc4608aeb29891826e735c104bd7da3dd62d015b63a17db	fbc890cfaa19bc7bc58124868800abc4c6baf667a435fa1fdcbaaa018089b8ef
7f4d2323f78e932e48d8c4f61363b086d168d22015dd8951d5f24a0effe9f156	e99064d8e0c65810be86f845be278c0bbb07c9bd4cb6379cba290ab7cef225f4
7f9466ac0d058610edfb82308dde7fbbc89e3a1f6c9fe2795055dc56dc2bd8e2	688cba00d83a6abc47d402687a33cf7bfce804d8b52ec931f71234dfc926431d
7f94b1de888d5ffaa6a415fcb4578e39c7a5c0f0d4ac0e51c1f0350d8502e865	38d3b0179414afb5384560f19461d5c194d9cc8a924bfe67200fe4d7ca47d0d6
7fc3d7c32cc8842227502160723e89ce4d84bfd1eaeb1013a4a617c7a3a6defc	7b65736329ed0a675a7b8b7e88caff9edade529e9eb610bbb352f2ec6b5e3353
800633cc6f9fa2371c8b893465a07893bb556afaabc8f05cccb2e93019f7388a	bd9f3c14f19d56903aa126c706701a5d905721d3abb5a729893296424985e411
800758545888046e084ef41d127dad15b566826f06347d3a029799a5e7359230	0dc3e4d429297723cda2ecb3c3a1c352045415ca00093c08fd609a09a6a6a73b
8053678e8cb635743817b844399a88ba194ef7c43b3641295a7221728d1097f3	fe0c13807e453e4844987b59c4dd65a731db063365bc2a3d1ab3991751f46198
8142f3f88a6345fc57543993eae73be059a029c374feaad4769af69ab3b3fede	6ed67cdfb81c750c1a11bef6c8eed3be580c27a9174c7758d392577eefa3873e
81490b9dd50ba98e06318a2c0e9528571aa820a915c4ba533c55183aa07ff752	11aecdc9c2883e4321122604f16aa932c39035224d17bf7d2cff0a5cf3642bf8
81733547bd0c543f974bf6295cee387bf02eda02a44641786ef84e445d9ea6ab	22243b7ca1a239fcd5752a2a6309a326e485adc11f722705123b162eaf0f4305
81bbe760b4a6b3feb310f812dcc85247e142e0254d465240c8337a0653694f05	48d50cbe23080ae791036e23c8187d5a9d9fed22436084ce421b7f94138cb5a6
820dbd4a04d4c2065445a28486a71fa0c815b9937e5063081ea0a38642c38053	d515a9e4d9fa611dc5d3f994fc05a2a15c8d962f2c3bb5e001c73a085275a235
82159ea477d0aaefcfa2ff953ecdce036e22d47c3da74b43b282e696fac35201	60af24dce948712796cdec6ac5cdb0d99371fa10c3c81f20ca1e959f7e55198d
8218bc2a0bcc2de2864a05a3ec7806d05af39466d971788c5708437ba23f513d	8da6e9ac101e4cbba5491387531be49a8e3fa048aac712a089217230397dc6e2
822b9d2837f5de9eaa62bec4ee183be2c56478071d18135730fc348e0713ea48	f094bab4b32a126f90116b71169b945a1f2f4f57a1758409494e828ecc4917f7
8264019a8c0df8bfecc8dd1a47e75a92239c66992c3a706ef378455d1d118783	c7817e648b1c7e5ef46cf39dbf13d791359c5156162f78daea6973934abcbe62
827bb2cb7f58043d9f707d663fd81a61210247763ed286b650fc51580959e911	2b00da7e0c7afda1502ee9d5bf895e9bd488f1d0fcdc75507c5c179202577101
82c3ac548953520d7b9e4d65c1a6e446d34eb66abf94ec808b5da85bd1734e4c	ca93deba38bdb5b53a5cee630f6faa7a3804d84e6b626b60a2f69c84c58dcba9
82f185a55fc5271ee99ab3dfd8d5be5de0080815887f6e9e895e467bf8f1666b	7fefa2f3e9e45d0f56e129f3005c03ade96dffd3b83ec5659e7b827f3f25e087
82fce45016ec4e1b26625e6efac797d4a4ca5eb2d5984bc34402b1c67beede24	1e86e62446912e0821d04cdee747d809c887fd13325fb4f41232765ec1f4c1ec
830dae9ac4d593fd87ebf522eb3f4dd28dbadecd9428728702e733c3bc29cad6	462856102869f14c0b5fbad6b37c6b087481691ca3ed1cfe0cccc71b7b7ac471
835af6df010be04b49a00634d18222347bb05ced52d47214943d5084a4cc7173	23fcfd0678333fe78f06891d55fd2ac8609cd43636f9d7fca1438b82c52f6eb0
83743667df5a284bf1d85c99d282eef05ce4eb65ffcf7bc74b4a77d0d0dfa9ae	ba0462b538248e0231edddeb689c148017a071369564cb48f11e1eed0ccc2668
83a08080e1499550ca441408e5db16b4d79e87bf0e2595564bd5fa6927119925	3e7500c8733649bc6920c6f08ae86a448748246a597ec0b4563710470de0622b
83d32e2141ef996e272f0c06143e5fda50233658f4c451f2db5f7b2c8f59f792	403f57b673fab539ce4fa741eedc2b72d94594fbca959fab5ee1a88d38251cef
841786bcbb748108e406a63b6ae30e1a252851596f6ed70e69e9062b8ed61dc9	bf5155bed5290089963b9cc5de77658b6ac9a19678ff14be3dac4e123ceb033a
8423aa45b826ad1270820b9bce068b4d1a38da2df736af7a204af6ea1c7ca10c	bb3bdc95822ee0af451935e80b10bd893c5293c6341307a2d398069d5a1c13a0
8439ab159d13e6db1e72dcdb8c92c4e6b7cd244f1b1cc119b7f560a0afc8b2f9	9da1aba06c8724805a106d0f8c5544c8e91992ef745a654f5b19e34d7aa7d88d
846832cd2b1e9764813701f947844677d70883399ee5945017be75a0aa0ea7c4	702c128cbd5b7fcdd43eae4aa69988418fcb3c51032f5ab5e9c8ed767ae8caaf
84b32ad5156a1b9795b8a609e09a33b2854ac326be1405685b8ea1d0a4ad8dd1	ced3244d12e7e5a3cefcdc4cf9fb4d2829c06e970aa08fe1b03fcd5f36650a51
84e5fb310fdb1efb75725e420097018c5a1d47cfdfa5d4626ae51df5a47d12b2	c2dab41e6eb9c99d36f9f09cfcc77975ea623a4f82d428a9ed963ea3c058a965
851a17d2f1414b5ff1c23f46d9a8bc3862e29388bc68e23a01492bdaab9b8b7a	ee1513014325b821645dc811271dfc7bd40c414eff80cb4c83e14dedcb7bcf24
85511a18f3382a7edd3085ca479a97d18851ec85b250afc96efe4ad78f1bc55c	c83b9a7b771daa974dc41dc9aeea5a9e620267be61cfee4d5045700228492f29
858012ceb2b252fb4384afe052e8bcfe840ce929ceef4ab55620f07a5f32bd8a	25d0ac2307aed6f1b129ea48d1d8fd351f24bc95444df54844f226e30fd55cd2
85f1bbf11e7131fe9b8fefa13625ca0164024a112f0ad2fa3aa2e4f72bfa62ed	8daf080c8119dc6658deac02f4307a1b2fe26cf2cab8c98338b03646ab360ee7
8637b87951a8218630f672c473f80028197b958c7500f070e4ddd608cb2962bf	edd16c4c5d16d57f58e9ade50a3da66fa04f68c1b0beaa56f91c796c9cf3ead8
864415bdcf068dbd6cf105ae50cf2f6d7413006cd5f8db2e5740bbe1dc1d2698	b108ac0ce7f9053c25c051f7a5eb0b22610f9036390702487ccaa21ff71fe0f5
86830070c7ca47b10bf7063029cc89c15dbf925bbc7b0616fb02fe837786757a	1a1295b963a48e4e6d9a325d481e03ec350926ac6667b4e56909d32657165e85
86dffd3571c9796e1bc9a4f0fbf0dffc28ba0b9233219876b3065ef8c48f1028	4f8d14e5e6b0963a8f7d01a4c65079cb87932c6c505e72d082bd35cafb304eec
86e8ef355dde7e4f61c75eacb68d26c3061888d8647c075f5c16c95f054cfb15	50f2b1045ff961c62e1da4e295e562396f235d9f03d8638edb096f694b7f917e
8723e404bb27c74f8f23224527cbb41c3b461b1ce68b44853a8825e1e31db8f4	f02ffb724146bbacf1d4e7025391066d4a777415732d5e6a828cc571225e799a
8725d6410d00d9fe24315ed8352dcfb5ae2f28bcb96980c5f1a85512def6b763	310535c776673ab75998a8aae9df2d62380ebc260786e1ce52f3bb278fec21ff
8793ae481974ada296ef0ca0a710c071a0ef1e7f077bc5ba0dbbb88b4737b336	1986f4c93f675794fd1e2168ec697afca626f71c5dac29b6932e2fd362f5aa53
87ad24bd784998f762617aae4a36f7891fe674b6685c8bdef5c978c21fa0f1f7	4f6d2e72340b63e98d997373d96e348957c54161c97f73d039b2e10ddc46b1ad
8829cdcdb61c5cb7ea1b6ea750c9270e5ab4d312789dad69f57af6415d23f2cf	d21c6ef88b9c017b6accb9a0946a9b39755cd45375ebdff9298362fb1ef6f335
88fef7a12695f6f3f1713a248ee536e96435663d05c61e73cd1285de4693c6f3	b3f53fdbb066bb71e680efe55a4c717545a1797a917cacebb61208b8ff112bc0
8924afdc1f31ecbf35c6371c3c70805524bd5e24cd8159306151633b291cc6f2	057d8b72c1abc28d4666fa6d11a1f3a2760b4ca22dae50e21403da243eb24b24
897c3d62f8b0d49344098b7e15f4ea3c5a4148a4e33935675c5b867e080de728	12c3eb87d820f4fca340f57b475eccd52aa20fff3528bfcf99c4af38a3afa4a4
89917c86bd6e3864a99542272a4915faf29eab3c6e979aa739ffaf32da67a4e4	8193fb72bab6a09b7d6fa375b507b0979592dd97f4c2744541c6bbdd36d9630e
89f0062dda380d150164afbaa440f405bbaac0615d3d086f7a028060049e645d	6daa566a9c621a21799d5c980e2f9d17ed43100e8eae6d86a75deae67d3eb6f7
89f7824ea9077c418967a7598fa793da2bdd7e1fedd8b75fc7540a9429523316	645ac7f1e3d72e2b1fb3242273ec9b53517494597c79dfee8b6165fb91732e08
8a471915c0ad315ebcc1e241123280649954868e1494c74f275a380f5069d121	f3e46908e78a5941c431d5be2e0461ed4c0ab51d537fc30ce258b42bdad5c318
8a7b71fea8127ef5ba65330b538bef7c0081ee6cc82497263c7c7168652b442d	e5823fb318bb1efd45421a0bb6e585c3d1d113dd1ea3890b15f986c502ecc0ba
8b091c162bb70a8c57760ebbe2b88a28c614dbf588034434d2a1512a14a11839	a6b49749069c0d4fede288ce4dc1e6e9e829a54175d044006d645d9f24cfb951
8b1775a744a1ed6ffa2522b0f6c77551a7c712dfbe6af708ba3f3ea643a0544b	e944b169208b0e0d6f75c01499b51e08f8ac3bf49c9616ef457de81fb1d11c1a
8b29f6c9646b66d1eae87e3812e5d90add9ea80cb0bcb2536804d0433bd507de	5dfb1a3ae47c40b723a8b5404ec541020e182326f2f2d4815c32a81abb414d1c
8b46f00bd15e01cf4c26a48a5867d278660d3a051fbc1b092302a634ce73f096	85ff00b9524148966057d1cd1ca5fc86f41a53a3f4be511851430e8e4bd58a17
8b512a4083cd7acd4bf60bea4876af278efd2d3343bd55d521c278b0b7dd6540	d2cbc15a21c6c773af85d9c2a8236fec6b0e772fefa59257bf217c2e3e24c5b1
8b957b17b1ab60270678c451e31a7f27db2859918bcaeb00e4aedd80fa32638f	4297a9bc5dbe58b7a3274bdd0dbf64195525612bd9b8ce70b8df830bb5bc7ac5
8c14ccdadf9067dddd1c6d415383bdb242c352061d76f8ba430448f90cd8f004	66d1fe4864cae3648d7e0a9fd19533fd7ecd8a9bb431d5562f645604dd81703d
8c532deefa750c8a5eb66b0e5abf2ba2e95d87abdf3d229b708ed0a3436419cc	9122e31714386b5a4ea6a53f36330de540275335c797b7e944a630f9d58e177a
8c9dfcc1178e1ac9386e6bcfa0215b177e5e601e4c8cecd31b3a2bb9549e0c64	a2cd49cd3bc34301efd366c074e545c42f25b149ce91b5342989ab75a56846b6
8cf35dee7599e2c3524b70345284a28fa3889402b51ec51112bf8c7f519b1c0f	20104e943757d2de921ebe3923e5ab5642c18f2d7cac77915bbffa509ec2dcbc
8d163c5434557b74d1abb2a44838d6049f1e3556f0d5fe80ee0cf32cfd660351	c4c70d887e269344710c324f8cb2b14e5dc9e95dc14cd54c5df6335efde85cd8
8d57976c33cfd00561805281be5217d3917806fe6784def23efdcf3815ebdb38	8489448e6822f3edfff3fe9943122100b8c865470441e41a9c9ac0481efcd4b4
8df038c81a7b162df31da8db9edf427d743071eee3d3f92cdbca6010e3dd817a	58b2f63dd6b961d33b77e27bcdeef0554731907f89a90e1613b91ecd04c56700
8ec4b63d3fe6968dd99b335925cec6cd90a6980470408287b8a89a4fa211310a	dab834be7cf172bb6ad302f82635a95a6e9aadd2417f93aad2cf9928cdae1856
8ee25d7a356d8795caa501b16af03637115b96fae114a776d65e67ebd23a284e	d19297b4ccd713813780ecfd47f2f8f84e16023dd9b778e5897ee0155e32ffa0
8ef4551a48546b809cf4bb35b0e2dbba5c2026b646a0c4598c53a3c2ec60f604	d07c29af384ea7dd08cd3e7c91d62946416a446c9707872fb5f763d695840d79
8f12351bd6affeb03dd18388aa2450ea24adfbb85e06ee0bd18bba5816f73bf3	3ad847ace493d908c7eddc0adc8b68fa71f4512e5427b909ea54c7f5243b25d8
8f7189f5a56428c31a157a381a036bdf1cf474d3f062a141274d8ea0214ddea7	7848ac5d5a887fe6e4df7656933a87fdae161d5c13dc0c0d4aa35873ba30670e
8f912ef3c15a2100581fd43ba51acc3fc10c5dee6c538e9a9566f447ab42828d	8432bf1387566b01b61c5125d53d98ce08a5870d6908f589a73104827faf97a4
8febae1797cd3dad3782034b153f8654d2776c0ee17cc43a3b677ca25ac47e13	f20d8d661aa97edce056cc85f7c98b6ea47212c3ae0bbc382e506135234de59c
903c327214d223f35b558f0d13b7105becdfbad73a71a8aa9f4cfd13058e2f53	8adcd0e5161ae5e9c1c924eeed0eb47e7b4196991fc2a2d13b7f2b7794d1f39c
907db630716494c0d25e5f3f0a154f2e8fc5ef639e784b75312161067072455e	70e82bc28ca931740f4b65ff0cc1ea9af79625b11a1239c7183d08e4bc204bec
907fc0dc135728ec8b683f317c0b7cb3b9b0425e7c013c76872123917f7171a4	3bb0c3fb6b1c8b1b03e33effdaee432fe79d51d698c9056004818cb1c444387d
90e1747cd84b28cd002ae148950762751590c247db348b0d99284b7055277d6c	d3d1e622156b6978ed161e42325c35f1b5e8528b4c073a4764efd4027ec68a38
910772f52caf0ed8aea6bd8c678377cb19928a97b825a8a181e7f410177dd090	cb577c71d3963657c975ad4803f5062b003abb7d2c1154e3bd1f2bcfeba605ff
912c74380ae028fb370a07de313cb568396574e9574ec3a28e8783b3e562a4eb	08d360d10b75468d25ac7fa826d61e4c7abd2430f1e39d53825dbb09dca1da42
91541992c8a86bd4ccaad66524b76212324ef1992e10277f923b5a1f0bd76d11	956e102b3a18619c279cc0ff0acd95d798b384db1ab30dcf8aea4ea04077004c
9176d3f9d3db701e297347a17e192255d4f7ea52c1d7da2a39d3c507dba72dad	2a98f821a807023237575e619ff61b4bc5df40c358ea84d3cf99d36ea78163fe
917e4b54e27b178a203efd3335bd4c7eb6b9f8427533518f17b03c81b5d51fec	c1f639864f73a8fa7907993d7830ec2c1ee82c05d1a871903e2b380ec05020f9
91a2ecf7de23693d93692d5bbf534390aeae0a0c37f566e3c589cb20096a3fb5	5b6cad48ad57ee5b665ca7f685c8e68a80d694ca813bf591469f176082e7d3c4
91b6a84bb040934312c302659c82d7cde139b81cbfa40136455e2a62248f1e73	9f81aa4b49db389d852d24580c922048a93e4082effc381e74a0a755fed852b1
924ea1f967b7bb0013a3c67a54127e1bf6e56bc0b7948ceb5b8b170ecbadb294	a9d012483c673d90c49f7cb098b3146c129369b57ec553349325ba739b01c1d1
925742400ea354e9db1d8faee2a48327cc8766ba319fadbfea3cb945e0cbcdc4	1f24059d78cf457509d21a7b5a5b66a1b98384fba9bb6d39f82ec88164e49133
927dca72d5d7c28136f2bb2e562644b29d1446f9d917ccc6f3607de9f18aab16	f09a39a6f7702f3062f4c2e4421e9ee56ef4e7b31697c11651d336633323cf39
92ee3b9a4262ae6dd3f96318f139970a830b9dbc661a037d7956ee797f8f98f4	91f6583d2b5931ab08f68a1ba4cc09d7b581bde83230306afb2ac83db6e10118
932046357f31b22c461d01524d8778a1ff249137a39a3c5e2db7895a9499802c	f29257b84ca5329315bf14b794faf7864c6cc0b571f715eac1a84f7f440c5738
938a2a1d2722a831ea061041b4e81d9a1f50a17d5cdf486ed16622556464acd2	7df201079c3c8d760790f6fd9a7d4dc64680697a16570abf1b591c7a8e8964a0
93a07550c13057d705a322cba36b330c67acd0496849611922812bce2466f733	48d9f2f11441c971264ba13950ba336daad70d7ab20eb5f7bb8f095d7578f9c9
94ec8ee51fbce508686a676266f3c2a4850d068bab4470ea81d9d4bea30f5355	bb98af53c7181fa14452c7dd974e9b2cfb3eeba9afba41520d2a6a25ff7bcec3
951fa14c6c7fa97326195f231d34a1a4cbcd38765cfb8380a1723a51d90a699b	2abcf3cfccf2e1eff67b5c8b82618f12b4e9c2bd17aeeef2fc2d94f2ce6fdf0f
95bfc0a98c2285dac6ae8aa75da1e6e781d30cc9921b0e76c22d91d465a76bb3	38102f9dce8c729b4fd3c210e3c851e76a18da0ef7a722df2f3eb0f405c88b95
95f0501ee4b2d0000e593ef344fd9a8dba69daf68f668e7e98f95c1bf07e312a	4bcc6fe2d24255aa7a66e782a5b09af12439023354ca7e875cf850ffc930db0b
965491f18f514aacd60774fafcb766a777d589e6b0d0649c718d1049ce0bdd2a	03656e7dc3cfd9f40dc1c0c816706625c74e8337b547e25c7e81b82dd625ad69
96ebee2aab95b4c9a7c5163b13903a38050c3a54f09569c20fa7c4ec5addfde8	ae51440bf0e7db15241449402e17c70c30d12646ab2ea95884dd4fe30f8cc26d
971dec9d30de1092ce4e2e2b767204a40c3338fa7624d19a49f2e03f2f0c957e	8f93d5fa34b44daded0e4a10c7acb61bc3e26c89b5d1f53c782e86e171907dff
974bf68ecf589a877cd6e34e59a82bb2add1aea279fdc4fc38226fda50639d29	5d646d3898f1132bc97f362f5f9a29c62c8235e9b1196a72e3413f98e72c9b92
978b7a1bc872696e9004c3668b3271fb4484c79a130ea9a8d97f210691c96221	17d4c52967779319099b32295fd22bb4eefe0477389722251589b62b1aa1dbf2
97fca13d769a1897b36bf47e38c09182687e42c14f020f7d8a248c9ce9bd0f50	68aeb118109cf1db36566526b21b08c5ba8f65315d69bc3ce95f2c11dc071012
983ed3fe92ab8e945292726ac754c318bd21c782c55402c2291a2d8fa9ad0f7e	d826b603da9a44dcf69386b5b2bf00240c71cfba1b9f09c8f7312ac8465eac8e
98fe8ae7eed02aedcfb1cf4b60e3b82edd768538b16af3ed10c6e0b9ce6554c2	11beff6cbc94613dfa3e6d378d0ab890dc32125bc3a255d93e5d4c515c9a8040
993664149abe5ad6558a6c2bbe793300b068a4f54414bdd4285f56779e7b3f8b	55df9c951b7ce13e411d67ebf572808126c7ec0a55a4f0d638664e92861dd9f1
993f8a6dcc18837701aa44641447f9ac8b7a8cc60c31b003200c0dc4b3cfdee9	967023657d808dbfb387ee2a879636cad52a4314e873da38f51e9bccf3977c30
99431924af5f8763ceee0aca85bf4043dc5dca5e24ec900ef096cdccddbabbe2	0265f684aea1b80fa8ea3fcad4fd809842dcc01c7d5390d28e335b54a9a53103
99d5f29d9339758b4acfbf2b072d5759aed746e54e68a95fe9c9c9e5e36bbdbe	1b761e09aaa86e9f829348b2ffadc3913410605c3508d841b7143af55ac7fd01
99f6dd171904ad2dba6617ee37ee24327a20e4a34c03ee9b33b209316a29a6aa	d7e62d8db7ae76c19c49366cf5f0707150a0fc11996f4f83a564c4ac0ec41fe3
9a0389a1b81b80dd74653cc2e9ae26ecafb89f6727c1896b97003dad0db035d0	bb20900218f3d3b1618765255bcffe1d9d5a431e0c37c640eae7ee0d59a7092e
9a24910531063e354e8ef52e0c12588f19e519456aec5a362ee998618b53a875	7afa9c2edc52f5c5ceb304243eb9a18ad9734005840cb03671e32ffe4af550ea
9ab2e25f6ecf7c3d1c6640637e523e3d914f8cf92f7c307b1307749c4f9b21c9	f4f761b1f91b3f3abdbf38a50069e3293848b830474d6c4b208afa05d9d500f5
9af084d7fe85610544d68764c571f141957279db859a61ca7d52f54c829a5e08	e71d605abdcc883ca61910e3f42451df0eaf855d37ce6ad095f4a0792ed0f568
9b27fe64bb945254c26ef6fc8beaa22a4a14cc34b8bedff55cf04c293b7b3f36	fcf12ee32577488642d2a25d3a681b2b8cbcf9c8ead437cb9fb104f02047f67c
9c27df18f5c86507bdc4f300c73c2927762c50c1cfc84ef373c02a11401ce1cd	6d246e08b401fc0b768d1dc3a0a7d2a6045a2f4138acb737531222417642c34b
9c59926c4e48102b18210c7de95e6e43517e9b9174590fc5dea4843de96deb31	26b6979aee7bfd248efecff1011e90d1adb4d3b6766347a2581da5134ed6ecc8
9d6130d098e44b274f156f4265ae36ecddc62c7c59bf7678829895c892bc2e33	c5c4ccbfa9eb958150c6da25a5c383e1a5a8c6d06eb5d5f7d0ceb4074dd3262e
9e1591263524f40827acfc6d2416b09dbfd1609cba381f1f03fdca30bd72ac9b	5e8afabee853b8ccb75a1103e873d1f95c82cc08aab02a0de276392be256ead7
9e397bb0be6b1a24a0a6bba5869371315bdf039de3568b537c3fac5203945f9c	44437b6311ffaa396d235076f140375ec13bcdd5b46fc024a1e1a784cf70fae6
9e7325d74adc85ef1bb409384c6e3bb75c4d4fb741a3342f2369e9f323bc67da	956cf2cbc9dc54341d7a515bda13b391a00cac98496b118282048dbfb42b627c
9e97d75a029df73c208a38b85a1257ab00d4055208af441a27a61f57a9003d13	3e5ef21f6a06dd2f320330dc4c45746fd914f86cc50c7e7c74dab5914a89bbd0
9eafc092fd649f79888806b8200e27fa03dfc8e260cd7618735ef831d6e3f3d1	d8019f252286025bd559fd896c0e7ddeceddbe597024dd4602960625cfbe8326
9ebeabfd932f68f9e2893cd6c77ce4184856397f4d17e955e051541b3d8dde01	631646fcf7ffd598ac1352cd3033edec8d59576624240e238170e20a499f3c07
9ecaabbcac2350c275895371092233d4afa709b406c88ee518a0d61da7b00eb2	653b95b5d7c6d080c9d5d4d1a817f2cfca18118671e2fa2c6db04055320f2f7a
9fc04f8308530498716c09698d33376816414382c2df6175a47feab6768c5d65	1c7db8f6cd1ed2b7190ca6cdc8b541fe2c176fc772b0683423d2633d4fdc2242
9ffca477fc7c22b016361303332dfedaf6c5034a3daf7672e37c9e8d21535ef5	de5210939af62d799be6b7a8e9146f394f8fe011c7ec449e02f2d4370d2a4468
a042dbae463163a6b606cd4414639409cbee98b136490a281e7f1a1a50ba3d95	9dd3fce35ce3acfb21922ed03d2772bb5fbeb5740e97de21c49e2e7f6136d750
a1055af8d3a63e613c21af2873daa2aef9c94801ca15e86132c6d52f9e5d530c	3d4950305c7412cb5e85ea3dd42705234e5ad04c7132d0d54dbbee9011d5ef03
a110aae5e389d0fdd717585f74c24d028934d3706e8e904796bd27b824c72b4c	619dbaf46c475cc8ab171a327050251c054a000693c010ab9555775d90004f94
a2063a67b793d45c6c57610760ddaa78fcfabab86d69b636e1304603fb963191	85bb9bfa80d804aa2daffeeb512ed3efdff995479c375bbbeabf303f5de7db02
a246ff1e4eba94cb6a35f9ca881d9f8598ad24269c5c527295bef08f88ffb502	617e27b9a7ef4f6f2cabd452700f8fbf3ed5a42309bf5a126c35055cf3df3aa7
a2748d3507017839bf89523fa500df26c61ad55fd89c901cf5c69775e3e2059e	a5b3ed52661cfb7a14424c5688a529cbcfd8e70ab2bbb690ded1995ad51b5af3
a285321d87f14f218508a3b03696901533c3c47db0f32cf6ad8faa5cabbc316b	8ec74cd11459dc7ed42acc8cd6cfd384294c74863e87e57006627ef4416fb385
a341ece618b7c75a2123d40e2cf65d63640c62e6f9d36b1d671ac6ad9ca1cc09	024a001cc6053378e97e9d30db746bdbbb28c1d538edbf132218e8d157e1563d
a35eb17d57a3c6389b083d62354f6ef0d354d68004350402e946ee96145c5982	ca16218db4c0f954b4f1dbfee93e3178fb97b16b669aa42d2d137ef2db860cb9
a3804c07c6429cdec8d3b809e647d5d7545bfe900b6299d41a3974ba3587ddf8	62a81146923363905f555f379049f09285cb6a6c33498db4c4d52a4d6771105c
a38477ce24da5e6fe8a66319406e2e8373a0af1cc26114a958ecca2f7d45e896	8e3995b82f437a48abaf4fbd642929451d15315d28cfbd9ae6e70d3dccdc9e05
a395b32e8774ac059c95ef0cebdfb4ce03f8352e72dd0bdb025dea302b0ce7f0	1bdacb3133635c0ba93bc7fe690f78e44b3932f17f81a1dee29bc87df663120e
a44c63444651b7c2ce5780fa02e6742b37a4d44ddba7fd9e13acd7eac4042256	ab9a2bcd74c6f9068059ef878a43ec2250e3c9a7693475a94cd24d61ba24e78a
a46133113e3a61659a667ae1ae41b77fd3e7a4946e3f9d2fa3d7f9b54f7874d9	eb967317822c74c297f052fe4cbb8128ffb59b5f594e38aa4c033cf2afc87fb4
a4f84e42dec71024f31c8589d5ff4a280bf6f98462959fec5c812f39961702a8	24b26bcedba4b4f5e14647ed7a96d83ddecbcabb61de4dae0c117bcf6c231599
a506eab2e654365f3ae5a5d28f524de49c076d22ecbc5c4c124a7428ad25b8d9	eeffd7ba9a5cb555eb0166d01ea80a12119c80026c3b323876aa1357fa9ae481
a543a71828dc21179f31c2650ace44480071fc8b5f3c4863776c47c7b2d45561	d0cb2e6d349edddcc17a0c5aecc41c91a7cf4596af6a54039a411051b407fc0a
a57d2a3b5efdfe1b01c5337cd41887556bda48869f09147574e7cce555f8ec49	1e431772ffe55b1774d3de30f407d4d1a6e5d332f065ec412b79161bfdf8e0c2
a5e7beb865f4a5a0f2e6a3213b4e9627ef9ca15a52dcb9526b74e79165f81307	c6452c933a868bd89de2ee792cce00488e8de01d807112e467cfb60f08982029
a617decd9da82b8fe36af324f6893a40f0cea0feb0a25bc5cff4c48e3f3b0905	37bd62046b1e069beb16c884abce006d94ac44099ddcb92149afd8a8304c0878
a685eb8d388226affc44654dc867c9dc0063dc87f903936eff1f80919be03e61	c5d8201fc972a7b3b2e01bbc99a8db38dcd446eef3d2a144ae685dd47a6e7136
a6ea809d73b4ef62076aac2a4ffec2db4b9cce4602670b9a683d704ecf5d8758	e6d63fd264313ea882130a5c1e3d5da48eaca29d5740fa08bb47ed20ba3a178f
a726c4c67eb39d3baff7a002f8d8a7cd58645dfc7833032d2942b994cb8c8685	3dfe50c8a519692613d59a7d1365e0f1f578dbfe549bcc1ddb3e23e0dc31bf13
a73ec7aee38c343dc6c655e5ed6115842e2c8aea28264a5b20fb4811689ac07c	1b00844a70abeb08325a774afb724cc388070be869faa1fcbfa5b1047456a6c1
a79da1a3fb3bfe3da1df3131ab8a22c4d591894a8d6d410cd81561ceb818eb33	5ba1951997f1f294e472c6d61b42aca64c7ff4a4b668f827e7e2bff8289ddab5
a7d2ce142175bba995e15ecfb0e87c57dc4a209999a860e268201a57cbb29176	846dac86459a2eb07283f6571909aa843f3ddd7a524e5acd0518b91950709c82
a7f47bb2384f33608ff27424b254d318c5bcc202b7fc0974d4621def99952cdb	08077ddfc6eca825ed43230cd07ef2b47dcc3ca09ae2b2e202d521bfaa36b3e2
a81cd4cf31afd55729a613a7874c66a7637666db1927b3a38c0d7d63d30f3c2f	c304eae652e3a2a171c62d9a803b9d2b74ceb079074c9d766efc551432f9997e
a88c14d7996e2aadfd5329111fcdd260a424179d51089098420a737471278bfa	1304df2ffefe2923ef41fc57dfdc61fc9b617b2e79e64d221fe0183c3e8205e5
a8b25c77ff086ce58a690984776b47357e70b8d5016d4a47dc05df6e6468a553	92125e1e7cf79056b37025f20ee51b5509d532c43a564e18ea19a890f3d966da
a9586447eb2fc1c85cc2775ab1121823e327bfaf84218b1b9e2599d3fbd6de13	2c00393f12783977cb7209d1fe0fdfe801fe7acd85a092427b248aa087c38ce7
a959da3dfefa05c9b2601211f35cc94682d064b1e3f070588735866a8c964411	f04a994a2c1caaf11b29a1e3b7d5957b9b9775285a99b90f1ee9e263be29813d
a99adcbdd892249e4c83930c80ce9ba9d8f76445c0fdc13c03385f132740380f	0aac86721227698f3c10036cc84ec45508faf9a4d00e9b66cf421473ee5d66ae
a9babc5d046328c4819bd2085e9dcc5812022f247a435ac08f02ccd4733ad8c0	16c5955c966061f45bded075aefc7e694910f30b113911972483406cb0626081
aa60d32a088e0a6de78b10e7ce6caff24be7c6d568733d414e0ce78e01766b52	cf6ec6982334655156886b69670e42ed2a62d125cf2e7cb2a63d7fed75fb84af
aaf6e234083c5611228efbf55adf3b6b8723e9266a4ff2cebb9354b593f4a86d	d07a2d17e7ccecf5f53b515e647ec5063399e9dba1cfd26cc802f69e73c1e29c
ab18d4c013b70d0e235e5276de588d46e5ff833eb25165a5d2e14f73d5cb3139	cea665e477bd52f5c5a34a12fed90bada888768769bfe7fced1013c97896cb2d
ab2ad69b4ebb8d59a2d9a73bd22531e04b4b4dd7e709f1d44c9f61fb9cc58705	ac112c0a4a6d28669a277fd31f3e06193648fa7708ebb005ab62812738485e78
abb3f0b4166457b00b38345f9106c288432d4bc9ea8e502d5d568011826362ec	d2f784fa7d04c8b6e8e2073b30892b01bc6dbcf801ccc4892dd829873e78e20d
ac07dd3f8fc1792bcbe35260836300f60616e9e851a5478e17f28c29a73f9e1e	67bfb8342db039fb03a7e444fb18cd6fc1c90bae6791ea52eebd7d1d1916333c
acead1cac700b61253f61fb1f0faf86d4faac94c12d1819d80e88fa81ef4ff23	812e74451351d40bbdb268c0c52501f40c0c862ef96d0209f4758a233d4ebc49
ad1d5e5a2089f61c4d342b150cc2bc9b0d341d116d79b0f42e492a97121edca3	d4f970df76a33c7f4ba3f2eae7b072216ef89c1badb8c43c16558beb1df5fcba
ad47211c0812046c1308c59eea189d0a3979542ef93f677015a1ad83ced90d0b	0fe7f9fabe27d754d7b9ed67e359545babd3a969abb8875b70a5cbd06200780b
adcc34ec94b6a9755df5cc05bea2c98e79c2cb57a450a4d93947f604ae14b176	ef0a2b81f199411bbdb1ab5ce2162bfaeeb937178a2748fcbd533cf096751184
af187605b266c5ba36fa9595271edf21b0ff0737d38e30b583e481e1675067d1	7b7bcac434a41ccd3cea1d8346314542bf713bb2e3a887773faffef8fd3713c0
afb2540d3b25837d246f398a83f61640781d3f8b6de78c3795d643de8b346cc9	77f6596ffedf98352975065d0fbcafe9fbfeca6ecc8a9a2fbaeb6ec4efd13bc6
afe5776f12b234184405935683cb8d22769d413eff8a43cbdf001347decf0b52	e9e5559e105148ed7d30bfa7523b8ac0b86ffbe14e66120880cd30c25cf1b9b1
b030cf50f7f360728c70ed5112a43fdbf85a5e0872ae38aa419e46a7f202116f	4e88e7bd60e8d008d7bfded5da91039b694ead0e31e24c3444c771c70b46e160
b04380ef86583a29851beaf214b502a63550d0a3ab22ee7f346ebe21c8784be7	bb93b3fd1f3f566a4164ee296f7deccfd197e3cca76a242b711cd9ace9030639
b0439d63bc8d2dfa4e1e5e4a401cf74cd63e1023f18face24752db0c378a88a6	b9a77b52dc1ff1fe23c16b10758ce429cdf199656c0a4bee8b682b9cdbf54826
b116ce50ee321bb61b061590fd17785b0dd6076b0223a2563e8e0a5f9172fce8	238c6c15b6567ecdf703e5e648a4f14bc043c61281dc3751050eeead4584c2a7
b145242c2e29944123dd3cdc9402efd1cef5c9959cfbac6286f485e91c6d937c	5ae62b3579949043bd7c9e9f1162b8b291a99ead04726020b4e7938bf156d6c7
b1905036dbc66471c94f2d39e8b29436b05c72452537537b26c31f1bb8792f69	a0c2f55dad12e942c63fcefd9d8b7db30616ea63e297f3316d9038e776711a22
b1e73a3e6725a059d497f16ba91f946b3cfac324bbdfdf050f8a8d2105c1329b	16c02a3b3b194dd6d41cc4d302a495564264482200005b40ac849ecabfe6b087
b2052d1fb880fb973dc9aad2a9356a88df25564a9c9151989d97bc68a1ea591f	ae894998cbab7614791d00966a90a2442b500d8c02538e7026761337f6a23890
b2825b46abf9a34a0d54d29578d7b66c3575bc944d1da6ad1d5289e1ebf35827	a1140ac342c48050f522732cb16a448bb6ada4597360d49403d2b4c5920562df
b2a74acdc411a4dd7e04faad6b8862691b1074261ed3027f4eb5367020c4fc73	4532dc8f93836eca83a6db10c80317553418dcef1f7a690517cc8448c08172b4
b3122fe05fccad056693613349ac168544eb3366df8bdef355ab44be4230ede4	231e41a6aeea8688ba4e2cab596b514ddd4dfb37c59c307c9285ea4e1ef5ce11
b33a6b9fa18ab0961696fbd7c42eb965e6154fbb5077c0a8bdd2705442dad9c8	7c30555bccb8130f81bae0c7c10c630bf98a1be9e954cc7107186391c9ddc576
b36a15b6a5ccfd188ae68b6e3c4b0bd26c5628284f826f6eea030f0e87b702a4	24724311ea7f0ecd9af04575bc55f9851ba764cbd5dc7e8852fc557b51d0b0cf
b393258ef96cbe442de0cc653c711aabce9b3a254b3f27efdc497f9e1993e428	ce0b6e36088d29c94ffde4dbad3b03d33b55bc6575aeace0f07b8df6106ace12
b3fbfad7eb76afb4f48e958ba4afb50afd8b0c35692ea4f5ffe9c5c2f9a38f40	7f78c0258aea29cc86ca520880596746038368e00f9f4e5dd628710e67884657
b432c18b1794c11dd126bdacde9a86511ad5678854093a7fcc49364fd2d206e3	aed02d72f9ebb3e9284fd4d7673de199d25da4db694adfce35ce65d7ad4ad489
b454100bbb709f2f97abc8339f4f1354bce6f5dd7e30b83d3bcc5bd1cfe84389	ea1ab23fd3c7af1eec9d57ea97876e4838aaec5ec32a19ad928f01a0816d87ca
b45f46acfcf64d5c4607b444d2348ed9553039a19d946add85bf3c8958f2c8df	fe69de22732d61cef152fa4772a55fb041cf60afcb85bcbe4ac9cb3864bf9b35
b46baac62663c3a13e409a4d0ed9bf31c9a7a46f87a0c850e3c3bfc95bd38b0d	6358ce255e71b29d514fd7d859b97dc2b262325953d9651e94ffc9e82de660fe
b494d5b9db0ab1b7189da8f7d213d0ffd0ecbf7a4e87c4032f0e9d34a385104b	6cf9a167677a9671d1c60715cb3088fa36c92cdc7590be876e9a902505c33bfe
b4cb2dd75a453099298f5747345de0b2ecbec4b5edd7e17a7240551f12a6302d	6dc0baaa9524f3178cc11f29c7e0852f97f6ad57206169d9a9ad10a103dd8565
b4ce98505bc5017cc694ca85cd1d723abeaff73ce2313aa5f74b39abc24a26f0	96a856385357dff1185a2bffda69190415241326868ba458f9a8fecd4891c29e
b4d69ed85e1dfb8cf2fae5c2bc296a6364699a6fa6e36541b1e540194dbac320	036e47a815c79e32c473d479328eaf36a63d1fcccad063b9632eeea409886a51
b4f05ebf8e9d7189a923e337a9d650d06d4e8bf68430f0bb940ba1cbc9c8ae0a	995e2d3281385f78419b4dc802a0c9b47df176cc6568ac1a5c5d45f685f152cc
b4fdc40d7d87c8068fda660f3a87058e3133f209bb92eb3ad599adc508de71a3	6edaeffd29023dd90f33d7f7b393f6af74fc290062805c7ef358171e498fb7dd
b6f3917a0d731f245dfa7b6e820b47bbffbc11d1355cab3715cec3ace7cb0797	92ae3d329eafd1aaca3879f02f95ac691125e209c6c2877defea8d05838ee0c3
b6f7190627ad77107ffad719f3d1d67b31a648550a106f3885655861699963a5	f71c755d6fb3a494093ee2836a88a3e9d7543b65c83e9cc233836ad81c0988e7
b72d68d4b1034e187706ae96a2293b95512d0f0571e5289bd531257f68906ef2	323ab065747b4c348a111e828d3e9cb06891de66e54a320853b7d3db96929bf6
b739ef49f03b4e3690d85d9bc6f00ab1ab5c5721a5d8226fff0a2e0c5db0f59b	7bc179ab9580a6ffd1e6a6a000ffedb5d4d91511259419bc654e6c1ec89ca873
b769dbe4cb440686d10d716c9bb7185c2b6f730f0e80822b40d4cefa1ad70949	9979a78dd2fae3fdafc0f7ca0dd149c4d25dfb3120547b096638a657f1cc9217
b76ce8615f8a43ae6067563f199c2bc69d58b1641aab0f73cefab03379ecd378	60a533c10c9766df718a9df79d76dbb570f355a0f3f2dec158d138c576251165
b76d79ab52f76e8844119e7c926daaac6f7de0b1635d1ef638e9ba10c82742fc	074060d8a4de9fff3920670f39fbe7b938941a4fa0ec56a863d4d7c9eebd84fd
b77a0eac65f40d3b37d522131fc86cc07cb876c17ef29d1a2b1bc289f5c3939f	4f5aaaaff355ddbd69136c76cab8765cac54cebace7218f5e18ef3ffc044f479
b783262a06011b4b78ae25ff3ea5f38e86418a2e2883142cc8f9be8b85f1a022	20620d14972ca85d5e6dd831fc8e16ed1d7f5ee37b72a77edf99ba0605b5c3f1
b834f97bfb2c6b60326564a526d273463eddc62cd1e952c48ea552009d1998ea	95a2089ed4b5338ea675ea47e1b9fe6770c0f82f261a4189b6ef4c69f4d8a0a8
b8702d26950ff907e379e90c1347d786aa9a51cf25f2d83170050c73acfd3592	e17cefb7d0ef0957533ff940c0addf4eefc819c140be0832ee76f9a02d2beefa
b87f86e0bd6d4f23e57a45ce11b10c763eac6e2e87786adb847173377387a616	a753489846f020f84bfd0adee6794ceb74ebe7dd66644151c0e00899a392ab35
b88f1c27089e992d85b478c9a718f45dd8f34d1ee1119482140c715597d3fac2	9eadfb17d27e4fa847c9fdf88b649263950dd1d0056d1445ff01a70a106d2d64
b93c4ee7b7298a01c5f103088428f71182fed6238fa8aa86349652b19052873e	891b2811fd50175d445710678c0aca010297c961f4b90f0b629461acb9cf476f
b96bcfa8a96b02a35fdf5d9cbe30acb60e98eafe3cf8476e168d41eed7409aef	a22f3b3f6384138091b42d05623affa148b13b2195d363282af42362ef09cc04
b9a727a56ebd094e22782fa0bb00a33ad3ba7ba9067dcd8f4c52e81eb8bb6740	23bd8aa6b5064e5b2a1bcf9af2690019825031172052c37e13b88edd107bea1d
b9d9c8026eb8a756e29645afea9a1f19918bec50f3629cf92a7f1c9afe7c32a7	5f9a7bf917faffecf653f984ebf3ec2487ffe21d4adc665d1bf999961733a481
b9e7aa8f495cad03b52a3f580d6eaba859c6e37047bb79cb8adddd368a909a5e	745d5d6f303e20fda0c0ab454fa8581369d37949b9575a4a3db10d9a7a584c95
ba683d1813cd5cbc4aff249416f5ea83c3a63b5a56fd4ddc8a790615f98c89b2	48103190c4b2f86db1c4dd4589f31a55590852125c4c190a46b9441e97a980df
baa4867976dc5d4e3bb40ec71268bfce0053500d36af14ac6fbe05e408786ad3	89b791b1582ff4de98548513d4b3243263ec7767457a7a2dad631e90c17defa9
bad566b3008794b10082f04c52733459332b57b80faed9416ad4a1928f8021a0	d11dcb779a3ccb4b0ffa9532780d2a7c8c5249b5eb94bb62ad8f4179c4d9d5e5
bbbae3dd8f38bf024217901a9d5fc3ab5e3c6dc14f580c9ed636ce5bfec23182	9d9f4e58dca7a9f80dda2aad3ed8b15e175c127496fbf7fc963de86029f59a3c
bbdc1ec4a9ee09fb748fc0459d38c896da14a163f4474e364585cb377410d926	98d970c2b675fad00184df2b55f494ace2be7250049e8edb50110b883e6d8746
bc8d41b3dc8170afe35ae190647b3b8a2e0d0d81ee3aae3a7260cdc4b971c327	4a4008b9bc8ccc783b64edd2a1a70154bd8d12d85cfa67c60dcfef81eff8fe4a
bcd3dd91e00bee78ee78b7c7913ba045f9dee02d5b8ff475ffbcd1003a87c254	460a6c13df4dd4ce4263879cfca7a5831a53259a790fe9159d24fcece4bd5db6
bcdcfc03af2ddf052fe46b1809a655c108984e0039df4abda6d6c3c693653fac	b9a5d855b11e87e177ae608173eb9932990e318b0b23c64ec5df3b0fddf14763
bcfe3097bec5d9b0d02aa6df446f0432551277e964714a860577af80acf929db	5a712882b8e73d5cd217a6d29ba1e1e17b93760c7d29051fe84de65a1f7599e9
bd05d731f86274586f10ee25a6b1ad26a2837f8f55802e81d39aab4c6e3b2aab	ccea48eadf246ea0d669f1489e1b1ca71cb9f0905e73f7295e21179804d74c28
bd8cf61c0d314af93f5cc0aba77269ac16db6192c0492e352d6f82e806c1e76c	214fb0be5e3adc25843a8563f4a28dc34d95e5156e7997c5828318dfad629e23
bd90e74af3726bcb65ffa64734c1783303d95d73a4312db0f850bcfc4937e77f	b4c22ab818bacfd0c44d5b7724b40946b242cf9886e4e1c578c896004ac393f2
bda34192fb303d0b473946c2f35d79fe64e129615c974f5eae7c4d55683526d3	28e3342782bbdaac2934a1cd107b3f090e9ea786772bc9392a81b0f67717fbdb
bdfe924d418c3714ff56db589e3c1cb895df9cf58fa1c2b3541344027f4cc8fc	3cb60b2f02fb55f6a204a63ac65e5d90098d7df53ee22a35c0cfc04679c9b3bd
bdffd73fc9047a2e441cd205a48186805d70f1befe2ce57f9845446407518a7d	11c166e3cfa1582dcf38c90325d28aa8ad869947fa8e14e14067f23af9901239
be4ad015ce69027045ba33a068094f7b1b830c0017bca05a2d46fe1f9826d13d	bda30add43b7f6f9aa8bf2075ccdeb0b560b0c2aa4a9ce693ea38db4b5b94d5b
be74e66f1c97e86fc9a4226c1d0dc6ee8618b28ec3a2868b9df127c65641bea9	877e706e9dc39968ac5f6b7296920b6cdf354a8dfe756e8c715f564d579a6689
be860af8c0fb2a90ab269cbf8927a778463daeae6a6c1ab98f8a837f5e37d964	e02e33e2b3751a590bdccb964427f233121c9129db75987e506efa806dabb913
be8f083885be00218fc30c8d10339ca648e4d51e1ed1159a3f89c50593685a89	7b0991543d9c0823c07073b2ded242d9d1c6764275452087b9557096e0c49b05
becf74012fe42f9d129f6b7c01a00103a6f127da47fae2c67519bff54a409119	4061b049a42e56517d2a4c5cb5d3299efea7fefdf485243d63331772e6b59a1e
bed4c72c988e118ca817effe9a3f75fa37e4fde1a77d2ad8c26cc3aa9acf0497	dc00313c8886985866a5daf89361563b662abd34db0cc63372909b972ee673f0
bef477d8a60fd7347a3e07ef43a9b3ade2eb3fa1d7b82fa772b9e9d21779078b	b6c81c864b7c50d6eeab7c9d5c2da0c7b3fe2b702a39cbad22e7b7214f1ccb8a
bf47a1d701e15edb03fbfea12161036aeb940bf53583bbded099831c1601758a	1f928c508e6a69b97e9674d75617f4cbb10d06d025b4cfba0da6e9bf9460419e
c000c3de035217679ac703b769bb8693f00db900e287caab266abbcb646dc6b4	a73ec75f6d32e9d6cbe42d8aad137ea72338eb698eb33b58bcca880bdcea03e0
c03713a9f12a0f321d569c25c113f05070af5d98a0f99eba1d4a24e8aa1ba02c	19d17fddfa5c35a4d35442a6856727acc722f95bb2a34543c7734db840964c64
c0783aca38678a91703d1fe90cb350bcca94e12899bb529e903ab76c39a0c6b9	81e366c0e6ea1cf349edc01ec52e0e3191ed4ff4275a4facb2c23f3c687ac384
c0a2d5bdba01c452a076bbd6cf83dbfb53081fe9f4d0cdab6bf53226f2d518e9	4cb53247cb80589953a02a96cb5dd4bcc54ede6bcafb5359dd7a46490371871f
c136065a6755b6e4d47b93063e503478b929386467ccf185d0ae10e4e5e5197f	f753b14e2fc94780af3a39de3e6a5f60e02650190251f116b0b75cb7a08aec26
c174cca6f2101f8bddcfa2361e3b29d4e572fdbc7a37f0a82c62fac26fbf415b	bf4cccc25bfc6611c2f18ba24bd26b5002472f0d0b6b6476962ffa54d3d5dbd0
c1f714f120b1249acba1224fd2cf9a05af44c63bae5ec4b37d09f42cd00d55b6	71e420552cb81712d9e5c572fd3ce10cb522f15441fd494ab4279c30aa676e4d
c321084b1680d2b4f9f3d10b85a4783e4b4625903875e40b66f756f505533512	88b34845d838a4982dcd4f5107dcefb29b746586bddf1fe951859c9bf3a859f4
c33e56547e25091bac434e42c2c0ce88a366cfdb5a34a0d36b7c01543af58811	3512989e02f4775eeb371cfdf1bb972361d7178a29ff51ee3a91a70471591472
c3a93618a39d52cbfced30c609416d1e3f1fa03549b705bcd2fd6f515f6eb2cd	1d61e8b8be9f2368d3f285f2dcebcd5e40ecfecb25c59fa149655d6738bf8dfc
c3b1d4e882ee114f0d8b98b5055ee173ba13ad8801abe07724135056c2af195e	03cc5f53ada43ff6bb7413ed32b9182a183eb5541b7ee130b95c182df4b1b9a8
c42c9f0eefd9681045a5270d6c0589e3be94348e69fd9b936651a360c50bc367	f8f9705fbff526e01d40efaa9f1a5ef30735cc03773e1a47f0eb39980d852499
c42df6ba3dd484853d069624062c0e89e36ebd8b4003ff0c7876ec865b3fb7d5	81629e59bf0022f7369f7e583873e8d2890dd39e79f7d608df6267a898c829a7
c4473809cdc4fd3850a6085730d39fa8490dfd2d1e6aa9411855a5baf5b0155f	34ede258fd8c5433a5a87ef28df0ce9f38208f77dfba5962d8d5f75b5a24a547
c4564fd1fd567624459c5a9cbd544991d8c45a347f128e09dc132800f5bbbe49	4ab7339a9e32faca7af10d7bdbfa00d6396e9be01ac332e24c45c2511ef6e04e
c46c0053431eb616db2016d8a147551dd6554df18fe8575847395134e652c27c	6d216f918d66b311aaca15284f7ca8a2e907be3a34027cc408023f28b4eb6dae
c4a0c7ffe983736587675b2414062f2feac7389bc6ff884f6d4cef936bc2b292	00a8ee45c13aaf47462f2808e44e7e135b4ef71b5de3357f11e72a230dd4f68c
c4cc2481244f3827b285a1f1a63a9eed8fd291a9bdb3d2892a3a16aefc9c8641	a5d6a32a25b5c1e76e63a768216bd61593e515d96f733b02b26d63c675784596
c5480786aff401ef7fadbc17907dba9918f956fae08bfbfbf28bc4e5cfddb181	9d367a8a5bde27b05cb82233978f2a2247cc7f94f48b3511ec64e6b38e13ec17
c5a0e67e1e77a33fa73d3f59a5d8992593ff2f4603a5368cbdb4dd4520c1829d	af53a701eca3b1b20966208a116e233718de2dff83640c0118f460b0994c2e47
c5e2370b127501a7a3182721c4dabfb0f19816df8dbfdd2c000e44f90592e6db	01a35f9350f40f653323dcb0e2663ff504eee70d5b3c8b23838472e25a077383
c5ebd9feb29ad3f6256f1ca4c1e0445d957b55a0720c9793597c16554a332462	f80727a64e12b8025a62dfdb0e652c7f8993511824c3b0b774809c59a9f2c675
c6a3040937baba3b11f9b8fdebb4553faf90f5469f09fdfa81c8ff2cef80fbf1	0f19ece4e02dd6c529a61c33430726aa7ee538b4f0fcbd16d62a9c6baaf281d9
c700fec65e7d90876f46b0c509e97580a2e2f86a58d1d1b300501d405b5b6df6	3020a42a9714e46a6c4b14cc24aac6ab187e06635d9e86d4f08fc291579477fd
c759254fbb0d30b42ed587d277bd4b27ceb99f865bd3717325294d16e02a2714	46703a71531eaf9fbb4dfc56115352f3ce285badc2722f141596af0650f1335f
c7d05c65f1d1bd4d76beb524e68157cda9403bc56cd01acf463429a77f5c60e2	212f4963e5f5ce94210f89285e633cf157c228339cd2a652e4392fcb053ffea0
c7e28e7c0f727c204f86009f88c0cd61ad37a1546197eb44cb9316d0af222395	cf0744964dc0c47c7900f3dcb62967208f21f98bd7d6ad2bca4fa9510461db83
c80cef8402d6ca765135b46876806ee1ef09b21bb6c94f67e23af46c3b404513	8bca185ec22c8fd69eca947e87dee902d2b9c404a5be8db1f702fae1858a299f
c8cf6e9a31c288e95de67c0201ff04fae1450151fe4bfbd6ea570a9132bb13b0	4f6ad4bf33385d3b6343d7773163076200d7d17425c80c9cb8565863b5898423
c8f8db5fc42e8fb6a34b9bba058dddd27de22e124cbad3262d45a7722d9107cf	ad878874a7efca14bb5393133d461ad346056d2c95d4ae188bc8114d3868084f
c901fe2787703f91de81de529767d86bb00420423ff8ed98200e7dcc67fc7c99	1cb35d455154fa8bb192c89b95fef44ea61f3c62d84f9e985bed05ee81cfeef6
c92ab77e39fd5103629dd5317a240c33b2e4001fa08208db99163fa0cbb15034	ca6a48199a272cab2489b22ff90118b0f61162ddcd6a927fef4c2f0bd4e6b43a
c98ab7bc8adb54f2ad8f78f34f3f34a56c97ab8f0f65108cba0993c93e43a72a	b08685c3e269ac555c1b17e9295af189a2e0a96d7ca9e4e028767ad06d617a9d
c98bf4ef9a37292ce2f6b679a810f4978b64947a1adac22202615a816178b586	8d51e3b831010c375da93152e4d3dced124969e49dd916ab12b58cc646da4ac0
c9a412382a79fb5586ad5f8256df370e57c7826d43ac1376b94e7544d7384040	59f37fe396a7719a5cba0d8b7659d2265b4cd8552720c5dbd03a7ad2964c94bb
c9b111b2e1e438454f8ffc7a50af12f92bfa953b1e856c874b7508f8f8a98a2b	29ad5388aac9caac1c6acf655c72e31d3d8a227fafa669cd7654d6fe8fab09b7
c9d37a953baa7dd7128f8e87bb4e983ba514377d394ae6bf6f8a3b96abbff45f	b3efd9dfb2d7f09493c5eafef98ac787afd2a815a092e9871e3c938b2cd455d7
ca000fd39adcb3078d4febeca05648c6204d50a1c267ee24941f26ed2059c582	c30bc0a0dc7f80c72ce659964fa09996df74cac15abf257df41eb695d732397b
ca0ef99b38f569d33e68e060515278f239ddb6affe8c50eb84bf3c7a6f0825d2	6bd661c5f6bab53e2ef2a71c0b2e4abd7967529eec31d33148a14fc785afd09d
ca21eed9e8dc9bd99ce03ac22fd58b22d6c91f61ea29024baa3aee8e433c8f50	041d4117bd42a3e0fb323d14cedea3f4b81c8306a3cc6e78e86cd63a0cc73069
ca826dae747b597fc83293d03447d6807e9e0047896cf3b73593ed3cc973484f	9ae34e30ed0b154b9e65a70a51d433033e8c010c0f2afc66917cec61062e3461
cab4b135b8b2d64b8debe36e06021b915cb93b24ecc89b005bace2c08e725fdc	e56cb696d62419dc4d2854debc9fb77c8d6462effc8077b068cdec3e11bc913a
cabf96c888188e8aea106b1cfeb1c00eb07bf0542c54719fa22212af6c4ff7b5	625013eeba3770f1dfacdb9e2f69ff5151b12bce4218683052a68f5f3c8b43d0
cae5be463e2fe05a7d68b6b0f9cc1b336d9ac875599c1d862a9296f6128cc5bf	d55a16bc2613daa7b5645bbd71ddef911e17a10ae9e5e56315041002b2a200d0
cb36e53c7e143aac507f114d866f4552c63937548f08adb88896192fd79459ba	c352d2cd3363699195f4fa4ac40d40ca87b5e73aed227ff9aa3bd84435ba7e67
cb67fae767a2a8eab3319739a6b75c23e7b6ed5f278897792ed0b468180bd3d0	a3a84a2e0410ab0e1373c0cf655e563d9e44e859b89d2dd645dfd21fc0523ea4
cb9e6661b04c2c7fa44c6fc2682f5d5989280107b5a3430bd2391edfbe2f730f	b17b6996c262a6c1924f6d41b5a7d4bc5a523b8178212d4e1a4a4bda5f949186
cc1a65f160a2f61c5f8d34b8326bb2cf851d791d8ed697b3504d8c6134dda1b3	22aa7383202f81ae173cf999b692c73370a8fa6698305b03b5d581f944c2b18d
cc4b7d44197894a6ade0df8183af382fb6f40fe4aeedaeb7e79eb316dea0bef8	c0b47750e9850932776644b1a6e6e807457abc82936f3dd70b5c0e4403643f2b
cc6d068c6a0e61d7742ed7ebea2ddf13071c18ae3e8e72e838c3e344103ee68d	2ac49cd0b97b760bf36f2bdc2dbbd566754284800bf883464a89e81e0430f5e1
ccd6dd909dd2be63acdc29ec3ca593aad69c0f3288c1f5b57e2b97328a4fa01f	fcb52dd8aca3db130c5fb0eb443ab757ca76f8bbdde933a1e30911ca7e607312
ccfeb2966c3a48fd7e4d6d83aa27bafa55e388ecd8f6ebfbf96f4d0b08540e8c	c57baf7441878d35b25c9d9fb3527a03deaa8f383fbd9e6b384ddfbaa24bda13
cd93382f42dec40e47dfc6828b964659ddfb024c88fecb3818bf6be6b74ce76d	f014a8c486f14a236c2783ede36b1b3ba589a5ae6793cb24c74049c1a8aea961
cdb369ce89edb7805dd4ac010c3ee51a748ccb96d9794ab7e5f1b15198e6e800	7329fd4321ef4cadfeec5542e153ace6507710375a93487fd879fd48eedb879d
ce50ec252c1a39cfe859699b3839eacb16015fc38c2fad6ef295da8d3d3da57c	32571610f23f3117276d2aa7f6bcefa36525d77375d9fe56b688f7ae6a04cc30
ce69717136368c76d1290d1c6b3e949477490a280400e1dd0595b389eb13dbb1	0d4568064ab7d156206679f9f69113ca96317ad56c1c62c266967b9d27d65613
ce76831e47180dc0b84c248bde5aba34a305668def3f89085964f5a16e4bc675	328fe3af379cf2a06caaea5644479489f68b2bed302b426e43e65092e98b89e7
ce987a5bd2f64ba023196b02e9e78354c4def302a5d79e7edbdf5307cf9acf57	ea3c433a8c24546ab49582c038ec974491e97032fcf9133108ee479e5f5a4033
cea0995316eba8f5826058263c8603009d8c8f9753681f21a5f0fcc39f51f1a2	8855fb27d1e45840a344a78ac488b19fdc90e57b2c37cd29084d52e5fa2645cf
cea33e1e284d7ba89fdc61d12431dce4d81821447fcbf9d94973be455cebad25	3b0f1af312d73cf4a769b88e4e9269be0385dd067329577e7c5a29017ea76ab7
cea860812018c249aa60eb851621d6e8d57c9b1be7598101c69034cbb5ef7fb8	4c24c80681937dbd93759898c3348bc7bb77b76903607a3fa0becc7ee2c483fc
ced52943c78b617b5eadcb94f4d605c43ddd5565207c3ed28313c1116841c5b3	395e43be806c613be29728ba58f47de45fa7143c1dec4dbb45009eb84c9fa977
cf010403c1376000b775b20e4bfa50c935c005f494d5be76de3a93f2aff10d8e	fe58ea6292daacef80d63f02290e400e50eb8d5583fa829fca923dcb5b63b4ef
cf7c3c9600fa7c3a18a4505f8670169965c46e824ac207a0dce53f532e8b0eee	93d7c420c4fabdc0bd6459f2ead7e68e007b485e192b063528e9f0da1aade0ef
cf8e4042866500d6f0a34579eaf641a883f2367a2658bfc599fefc97a8aaa76d	21988a2b44820b9f372760452c34cf68a4d8f07976690452325773d61cbec4b5
d01650961e614b22e14a5692e5279a5ef5ff26c03d2a7b79e581383bb135341f	49620411bb4273b09810e7626576517ead361810204684287e16ed2260194413
d0705dc2d21b99b56d95517e954c9f8df226fc3748be693415900831709730ef	108a5354b1b9c74e03c1582130abcb92f98444fb780e2edfcd335bc80de82944
d0d5868831561acdf5545c13e534dcf96d8648a6ce11abaead166e27b133bd47	31b5846eae954b4eff2b00ef9045096bbfd44d2d0369ab65d06e0ff67b26b803
d2189d2825956525c96e8c0f473f1ce8c05bdd48433ec13c6d9f8e311408a393	426ccc043314584a2734fca44e077409142fa5ae53434733088389c32cf3983f
d26c0c2c365a5b88bae3fa29435e9856bcada4890d7336ffd4a58b3908d9ffec	a19e872934d81b4254e1fd9dba2fcf521c29a51738ac89f604e339aaa2dc7935
d2e6415f0486047281d452cef4f8fffb5fc6f9bfeb9af860ff70c4cf8bf66cfd	078ab6e1f51fc7cae3a34c95a48c2d2771810313a89359acdab90d1fcd9384b2
d30dbcf47ed9cccdb9bf9e29dfa148ae84e26b0e5fa2cef0eb685d1c27a011db	c618c5515e4ab0eed0ef5eddc948adb4bb0e25b59e796f4bc5fc5fa469b37e54
d3197e78ecdee4581ffc4788eb87bcc4531865b1eed0f155288705f603a80f53	f41fc5b0d0d13099740dd1db71b667c0967b94ef7ec348120dc233232497913c
d34e583cf637802abc770eb5e0bc120fdc31d0dc790dd0d24d6c306ca0473e63	477ebabdcb5914383a220fb314b0e33b25f026a9c0107c5bc853619161ecb9d2
d34f8562cd3ace22127a2ad7c6d629fd51ce30fc424b05af2d23fbc30f85b098	c86184dd3c1bf4653e096d6948700a9db1c4c10a53931e9b13ab115f77a1023c
d45418038ac128c8fc9b7741c49662c70ab60e195aa2886aa77f4250f256181d	0a9a5fe04aa3e56d11980a929b8992400becd039919be5d91d093269cbb0fed3
d4c8149d9307b00d8cda6ed6e60d5d482dd85ac69e17f5eb60647bc8de8b9c98	571afb69bc9591cfda06fc112995f879c3ee5e55d91257ed84adbe5b9a477bab
d52788cfad2d1edfc5fc7714564e4c0d0eddb74bb1c7b0996bcc17b252819bab	1c8b5da4030d1f93a446885de4d20d8a6b0ab361a191703fbc9de59592b1e566
d52a39b72a26b03057e60b63ea2ec4cf8a97a34eb379b1da807d67f4f4824249	19ca87f9590640ce277cf1abe2bb004e167b2f396c61d03c9c3b3f4add35bd6d
d5b47928664dc76deb659d97feb183f61d6c2c7d1dca77358bac494f2c4f8a7e	26bfda0db8e17daf2113360c8f4e3edd8c30acd102c7b2607c1537e9b520dbcf
d5d460dc990b8829c37759eb8e3841cbb00bd39c4408d32f9034ac04d34859e6	9553958f4fe795068980b9f418e5a58d73a7480ce4c812cdbb2f5d7224462635
d6bdc1f5fc530a34a3688f7f426ed67aa12a4cf277c24baad99e9027e7c27411	70f0aac2e28baf0145c4b25141dd113208dca1ea992b52c00386d67dc85b045e
d6ce18107295d547f891ecc65ecf1040f0123367fa8ae3af00dab41ebcb07559	4c63a9a8767cd14ea7c6b6296f37b06bdd2b9b6e605af6567dd8e2a5fe3aa1cc
d6f1ff4491939bb84e83dd552242e632dc44091cd7c4366c370afb8ccead700a	f70d73178d5a4732f2dbf95c6b1fe180de10bc580d6efbd9d01b6c51823ee680
d6f3b4b567803525a9f3b139f5e0ddd79e6a01c9b9ae1d39cb93c90d938d6f42	bf97b578304378dc184dd0fb32e3cedc2b2db65529886142080eb12757beac26
d72569c1853c1aafc59fe644f506d6cc8d21126be35d09b2cbf34dd813012f6d	236e32212be7d2cee2e2ac7dc2ae79468e08c49e67d4a47bec5bf0a0f2560d48
d7d1f8c62eab325f08523bc55d0f789f0630cec27d1eae4335b7fbf33d178655	72b81cef4f1e6897aff12ddba4f12164071fb5ea3d47b43816576781f762fdc5
d871aa45913a0714af9b46924193d7c78d353df2497c682e1d25da61327aff3e	6be8199cac1272f5d8a41e3495022992e04cf14e0ac08fb97710d815cc93b421
d892304746e70e5be0f8abf7125e65ce8c05d85a46c931435d3e8369dcdfe9a0	74c0defe616b89153ae25c45826615baefb45304c2061a86a14b74826654f954
d899135764447e2dcc2e48b3e17aae6ad6d63f79c52f2fb268ac1b83a98323db	7c4fc849c8735c60c15fbf17cc61a1c4db42becd0bd88c7fd5da6850f0601669
d8e67cb8b1f6d1d9bf73ea384a28abb315c6a4f03e2247045b7f70c0d462a04b	52a2e13d4e5b514895b655456b07f3d6072deaf8cf4796cd9a05f58e76116daa
d8ec6c7979032adf02f85cf603ce0a78ab009bdde8354c2c963b4f8fe0fd367f	ff65a226cf2460496a799b85a2341b4dd4580c4e809fc6b676d8c33cb7ca4027
d9022ebd8327be8724e531daf52d6cdef029a63469898c9f90982c2893507a57	90a9483c0a3c56ead3ca15249e705f1c4e985b1bb8cf5823d105f48f3562da1a
d963921401d52fcbf2a7c345a4f1ee6fea893cb0fc12ada5951033beb92a108b	8b5d7ac9c5f7e0c83f674c28ff377e48f9f366fd0745e9c20ebe202b01d45102
d973d759f42cc2bcabdd6d72b5f12d9eceaec1800e3caf4f9887c3a0e08f6588	6d2d9e85ef25f8b34ffe78394a41d2a1c0ff6dbc1a92aac9489351c4bb9e9b5f
d99243cf6d2378094c0a772aca92c16b94fa73bdd41f486c5c3451b1c582df5b	ef824ef6922f78884611490756ec920decbafb14e0a838e1c6795f6017ed03dc
d9b48842d8f4a649a1c2db9a06028a09f3385c38eaaa6768875f5c5f7f497471	f9168c2d29efd9e5e444a91fe552a736cbea61298e2207c865640fb626c58556
d9d977083ec1bed302bad2b33cb09bb4bc73116dbe7a2560b22e966933db4694	597743b9a565730d2ddb50600bff8564ba4d4b1d14f59af2e055b0d1d81576a7
da37fd0e5e79772617978b1c0ca35d8c77bcfe8f3bdfdc8af35060f5da6403b5	f8dca2059f9872370d65b417c557e0d7e1651b41a56c0338b38240fefe0c8e8e
da653a35998ed995e94929395140b8ea6e93ced3d25e8867aaafcd088feb2599	ff0f378d4f13a0c0e122b7bac8d483643ca7689cddf0e338236377012bc53cfa
da898d1f1c6dba26bb27543bb735fb3f65f4a0820b973786e4918f2993983ce8	9a57105b1debbcaea958634adb02a1802919cb375b2797a5b2773dd542445ba7
daa9bbc0c55bf32a0102cd2d164af6bbd8ae3a0fe8d6bf2a76bf2f82cb262754	4783e4b6236d924e8be4c69a460c0fdd6f055ed7dd3c9ef7d2c3d5ffba09d406
daafe993ec85cfac7bd44fdf9407be30abf649049823fb635622b82292f38908	1e397b8f52383ff3fa88288268be6d7bbe93595744ef086373f11e42476b0f2f
db39a9bed6b460be7f0c241424f79896afd6fe1af33977d6eb6dbc17275b71bc	68b2e3e27a8b8550aae0084e7170893d78824da7883b07abae647742a396321f
db79ed1b6b3ae3b030f7e09eaa271088f31bfdc3dbef97520933b903bf97b704	0897acedbacefa44f418bf177ff99acfcd87e26c61422e257273796781a7f253
db9104b6cdd426893238075e0eb65d449d0309888526cb7d9278476eb416728a	b07fc7348358ecfd8b6715d8ddd565cb7be7636380274b3ab256f82747f15623
db9273ea366fff1477347da642b67fde636a213c3ab477730a205bf9a1c092ea	51c950ddc3ee19bfc095bda4ea3a09832dc56c7e6253329200fd5b8d34d0619d
dbaa5a7bd9aff71c8c82065d04b02fc3e5be5f72812950f746d4f9a207d80795	ae2140f6d23b02b01ba8cc9bad0febdcbb0e24c4abe67105debd9020f06d0d04
dbc4e714e8878652b09025da758518df134775071662ce3ef8a87b529bc32426	a6b5df1399b0bdbc4904f3cebe35ec1ccae15d1090e3f115ce3374045639fa31
dbd3f65d64db5ce0a72e0d4b87ea311f15146a205683471ec418231d43c0e560	723ba79524b2fb337564ba94a58965b0d6039bd012918b03edb406ef6632cf7e
dbf42d1b6f936b35deac645fe7ac6dd3005f18bb7ee196b3ce2167b90bcdf3a4	305fc1362b824972fb3305724ecb7e8b6f574d85d690adfed247efcf8cc66b13
dc523e58db88b96090910f8b0cb104b92d0be69d47ac63374512def4b5f79569	fb1fb4772f84e9106eb4a45f37a69381ab39c1181b1f8a4cdd8852b38b81add8
dc6420f581d050eaa471b7cb8e9a11203aa8c7b3826579eff9af739faebdfb3a	d7fd22a63f58f87057ae2e09cee2fbe244bedf0428a896c2e186279001e6d655
dc69d5902cf48d951d5bf53bf015cc245ec2a0223c99306571bc89375ea3c83c	e036940135278e04e6a981b8a741e920ef5aa768cc475049ba81ebd810af4170
dccc4a37524a0fa3e8dc3c4b5748145faed6dafc8b4d30e54285a1d070900692	d5b1db8782040700319020b25d94517553d6b549559c072b189e46233aaa18cb
dd531457cb223d89ccef3948d38c2bc3cd1ef02fff8a5bdb91b392c609003bf5	8c617e8f6d3e5c54bb016cea46a549dd19e2bed63b332c39f1a80889c4733753
dd801920d816e7f5f1c427b5bc953a6daa6f1256942bd313228ede4815169d18	4c5e38415385c29567da16c6a8e5c5613777fd264299c380a02f7bb1c3360175
dd81ee7fe3c704e1d451d51c0cb0b5e3ebfb9b96857ec57122f94e2556b5cf29	c690e5e165b5f6747869561b86dee1bbee4b53a213d604003d7217b4dace85af
dd96033f1d05974726a0096c1c96bbe9172fdddded6365e3e7eed1b706f4bf39	72fbebd0e0fc51b96ce4d208b6239f1b751d6863dab15882c09af15be80f7fab
de1bcceb93b0a9abb3985017516647f64f0c2a5381bc01f349127c0ab4d0e6a4	3be14eccb31accca7feaaf5f7da60aa64dfedb7283b7ee101642d7c2a619da0d
de2611f88ed905fdd1c2ff8a8f0c3fe08ffafc88922433fbc14f5f33d7551b6b	9cd2460a5771c22d411cb9d220566c6e65b06c9af424411b1ac99e955386777d
de877a04de3b244b4c81e021f9884e3c0a73bdc0e68e54253fa2d7deadbc9a46	76ee3e3135efc35046117e1ec0a60795a25f51dfaa2a69c8528e1fa86b744874
de9ad5f603570f7711225824e43ca8f755a59e9228575bf9c30e0a403fb9ca13	0f0485d72ec2d0338cea4fbc860efd2cb1717a5279d233638e267924dd800db2
ded7bb0bde74e00e89096cd576f36c8987a38d0df42d1af63bf1085ad8e8e9b8	047e0755316abc5b046bad92e41688be09bd252c14b0f4a12a7f20de178eead7
df7c4f1e19b047c3ce1a1d3fdbeebda600f54ab5e313b93968bcafce051df6f9	332e356ba8e3b02ff7b08970da96e36d6aeabc3abd9d6f757ad104bc67dfbf76
e02322efa64aff45cf46eab95869c1ce56d9c74f73915d35b255e194f85c806a	86e7c46830f58accbb0a5e4d79ccc6213aa453034c157be78fe7c0f3e22d4b97
e04880c65edb9bd9101110c8abcde0ad6b092b07077f70532c0fdc2e959ef434	0c5dab7300cd9254532d3afef7b03e18d6b79adfe909f666969c5d15826f54c0
e05de04dd4998a9fc925894473fb6c950c5da4d755513ba2eaf2394ee951bfb0	200208272851f113a56a7e513390152135597968825e9fbc393fe76b89906419
e0716da443180e983a4a5453657e809d566d2f01c2e4f0c300422e63273653ea	fe9323e03ebe7bc807ea94c3ab149c4aa41ce09fe682fb479e89727cf65801a1
e0f196c8c0eee2221ebd9b7f1aa99f7d5b4e9ecee467d14c9bb2d3153b48cb7b	c6b065d7e8e50c1d1edf8fe9e39714988a513802b3eee17ad334c2a714ae2ef1
e14e10d906efe117a440a199df534e47fa89414e9293c9be142bca6edf9e8a04	e78750028f32f2ac5875ef436dd0f0d6fd27350f0ab9fdbd59d45268beafb466
e17073253c2893e9825cea14a9aa86b126c7aed45077288382a89cead06c4b25	39fc0fc322cb9f403add789340cf78aa4f7a21d227e0b6265407284df7ec2060
e1c69ba2a403aac6d8d17a64973bdd831a517ccac400441db1918537022cc567	e90bbab8c98a2fe1684b532882148d3242b7d760764491a5a0bfee37d336ca60
e1f8ce9174ef3a084bff86f45acba0f2d6dd13074c5a047697536854a98661c0	dbe191cd42c4e3882639784307ab9384efef01c39dca7342b28b142e3f10dec2
e20c9d265b1054bc242be83630eb7c860ec089aab9234bfc799bb27dba5b999b	5d785f84268cba069d4f862367cec9fcd5e4637ebdb7f38d25902a3179816112
e28aec59fbb74826115e67c7898c1a36ea917f4a03e731cf16a755b258ded506	f6a55cb8492d6c1033f898ed9f5de7547150e58ab527c6cf12ad149e8c01100e
e320cf372e5b5c733b9bee0c11d69241498c36da744353635fd576a8f70bc625	2bc40e5749ce5805ce5c74709311465ccb76fdc04228da7c3a0f774163486747
e39bbc4ea47359432b7420dcb4822b426e548c72c4e4698d47158cfb5aed5840	a04b06a4a97ff7c55fa9e33c38a83a88426d32b243babadb70ee01b7b59ebaae
e3ecac1c46b86c923f12dad31b8c97f63aca67c37181b324ac639b644bd89497	8078f63fae0f1f625530af6a1a8e89ed4005e4f0b3ed0081c9abfa652aeac4b7
e40da6d6c5f317f19af6a6d5b12f2b4d95c9bb65cd5a3ada39abe763de8431f2	fc8b52c44251ba83c0a063d53be3f71558bb7db160910b67bdfacd926046adec
e4486d6b6ec3c6a6f92100abb31c18e31ad6ee02d6a4644d315bf73493595a82	8236fdf42b78a971a1a5b9d6cfa0098d0159407cb8bd7960605df83d3d51656a
e45f65b67faa25ca1a826edbb26c709a18cb08775823d6af1c58d178211707ae	60c9f466849d00fe216f56f6419d9886a928b584b47bf4804fab9d4efd4f5029
e46fce1cfee6358b3fef4bc057c97058c858961f6628e06e638b392c9e8286d8	4b4ba4cd73b89c3f42b26f14ec148e27487daf8c62ab20c85a7a3448233efbfd
e49b076b7c9455c9da785d7d9bf8a62c98da8885c48a85775de6f9649e4fe61e	35750edceccd9697a5183ee8062e6f41e90cf835538f67ffaaaa797db9685181
e4da0f96466a2207f1f2a7ba679096f731eb863aaa3ca53cc3816ba618ffb1b8	2d67ee8b1176c042fad01e6cfdcacea7aa3ebd0ac41ae35fd4712a1ddd383139
e4f461a8e2e2d6daf628b930cdc2e81f4eab20781e99fcea771ffc9d42b4a9d5	c6141ac5e883f0aeb5fbfe7a323cf410ee4d2847f993ec89ca288615f02626dc
e500e419a35298f10e8e7174a7e46df73d54d6d62546a7a4d4e6b7a83e5c6c22	a1b797660a61c3820706d45ba19c48bec3a721f1ab665f7c594129620419eefb
e503d7535450bc3a7b79043dafa0ec207418b279a977cf642dcceca70fb33bd6	ff2d6224dda7657b85cb5f00bfae54fb501bea41d03ff4456630231aeda6e3c3
e53a1eb0bcc8f87693777f3a12ae6c721aa46b5ba2af2dc1c87c22335e022fe5	8007a093135570cfeb556b3af103f47865e4c3576323494164076e4ec553d14c
e54ab6c5bcffe82e95f88a83c140ba9c236ad73bd107f33423519059b0b40f2d	23654e526426d248042f909e13597b7c4cd2b6e7c705be97ea87fb2a7eb6898f
e5a0fd4ca5b0bf0569f782b16f1a96141de80f51ffdcb4237c7ec7ccc88ba3e0	2a3389e57e0df7b3b5858728675eea665c81eb469a21632ab5af0ddfa39c9d4d
e5f5e14146af354c50f9433466fbf4528a9e00e23fbe388988802207179c2f9e	88479bf50d2c8a94067d025f1cce2579058dbc0f6d67e75605e9c6b28f99576e
e623301871620d197399ea9f3d3519c030c458c8b65898313d8cfce513411d00	4fdf5f44ea8edca491a237ca64dbb7ae0b54c3c465bab6c16c3616f7f036ec24
e6b6ac466e6abf2a5c6a03596f8443a24b5a4536218ecc227dab4ae6c81dff4e	566a87044024fc6b4bce3372c64da0e8dee997fcb8bea160d8088fb084b47a66
e6c10bb510aa8cc0dcbb802443a804449063a73b33faa0f514eb924181539c47	f7843cae33463ea5ece3cc0306db82fb1145db6278e7203d6381353e453dd552
e6f2658d18932092c5209e199d797e1356cb1b70e46a987283a2f05228f0b775	e3b43057410ef4dd2afbc7a32a303a30e2ac567bcd78d08b06fbac8713bf4ff2
e78caaf0fb2811945fcf2c085b84f124e3e4ad6499eb542e142cefda41e21d18	3aa56f483a89c291e14659d9c6dc4b483f6202c007cee620c220596a4294018c
e8195670a84f1e686342044db42da7f0680d631fa255c0cb7f8660a1728e5fe7	2d90aee34f4ae9fb6ddf1dd028f489ba1ec98f8ae3d003af3f4180b2d354cdba
e966d6f8916b50dbd7259474f27f9924caebdfa30e3e856a17dc57a00b8dea93	ef1764a8093ec6c21433e41751d3c41d0c03b5bd027a4d1659da6ecbab84104c
e97ebc28c5822244c019825a476b0880ae59f7edcca39dc0b0523008605fc659	d9c59951303c03b232f134700eb039017cf4220e293c1e55aeb137eb502a4e83
e9bbf89d9b28c073744afb81a86e2d773d0dac2f8d70b0cbae1fc5419a48e697	5fed58392fa00f40def94250307a24b6a4d21f658a1bbb53507fe1eb04683814
ea137e445532c4585c74d3fb767c3db1b8e9fbb7c31f610beb174edff0a2698d	41eda69c43673ba568c79d7170dac15d19098b45a7974f09de285bed132f02ab
ea189005994abeec6c863c9ad50daf27a93b7e79d187b113c902e74136e2ad2f	1be4a08bac71b4404f3de24f6c26eea93d09d77b6d9136f5ae0df0eac0fe789e
ea860defdb4cfe88ad149f5be99f13d9d57211c8d97645262de3cf6210d51023	de06c8cd464e3c3cd767f459ecd6c64cfdca6db64e4c6687e2d878ff3bb1ce1c
eb34a0c449e7c01ae390f73ebea81d6b528ae865efd24ae64932a7d18a68c7ce	25f5fdcc7f455483ddbfc6136fd4c9427f5c899aa759fa88a67076e7417e08c3
ebd533d3afb76821ff15c21075d024a4615f000dfa565f253b539f9785c60879	6b50e6281291b77bbe5efe1cef7a7d1f88d41b438813989eb13434220562b133
ec0b3ee5597a554a2b2188031b65392f1903c553955b829b2275c073257a29bf	c64bf5eb1dd9fb84187ddb74f515c8855dba6d06bd776598707eeef7d9291b0f
ecd018acb361bb6bd1b4cf904182057b06828031ecaf4a21e536d6f75be017bf	47998ea9c11f3ae4283ef0b3612ea3739e4c975f221c523d807046b60b070826
ed7ff63e5d019d329d16fc5be995837e505993ae7e828b42b2703f41f0d45401	a5caa8df067351507f113b8142919df8f9fa01b2b1a5a63292b2180b4bf9a515
eda894a4d28f1458fac86b12fc2daec14a28ec9cf4c3016600a008bdf92d2d5c	90fae7704d9140aa35adc771b2834c2b73e76b5426662cdbacc655b5f094d2c8
eef6753f50560d38069be7679b5fc49ffe8159fdafea9dd9df8afb0fbdf53c17	6df7252e03e8ad348dfa826f08571e785fbaaac589771a8b26c7623298d7d6e9
ef09d0080a33fa6b4758cc9e3c5b0648d8f21a80968e378dc92cde8569a73f6f	642bb64209d8effd08e5a3c93ee9ef9f11939b76c0ea7481bda8431a524146a2
ef1eda34fea31c65e1717b35da5abce80dc41ff894b0b5de9f4bd3ce82e31031	662e07db282ca80fedd1a5f19d75c49e5dd6d592299c18801dd6a4662e69a63a
ef290a1f96c69ef231ad076b368a69ea24df86e210d558fa6cf1ae62485821c9	fe7965b9577f4c51d8bff81f9a568b66f2fb419d99a5fd79c28287d4a8251ff6
f11bc0f3fa3e93283185ad9d743f14423a2339253165c2ffa26c06ac5e276931	d972817bf568fa4c8bc22728a33438f744fc0409efedd513d16d199233b27a42
f1acd25d3a2339ec22ccb0709d82a2d881fae69677fbd5df8a3ed41e82a0679d	68081a8348a30ade992e3b75f94c9f1c265641b0f24afc22088554996c506b39
f1d11a94cbd242d0b8ccf8a529dd77f0cefe825f328d652db2d68751d8dabc6c	40a6b597818c7bb6665725b23bb46de0c6efdd0db621bd188391bd418c3cb915
f20b5382c1ed6067063f7ceb546cf7cea67d77e52c5ae2b8212b8f75d2f9870b	396e313024cfaa58717a95bce4439f33e79176c0f5f80455c08bb2e91c9e1082
f37ab1c03eda5664dce6437bd02b1cdedecbe48e2179f653ad236a84e2eec8d7	b8144b774cbe685a10ba99a5246885cd6a81ba329a6ef16c9567e6847d84269f
f39de9d2301ffcc11b1ad593e6f80c49189af7a80b6bc9c1f7163d3b72a4547d	d1691c40d6d57ef9216a6f044d59dd5335ff01464b7522c2009ff88a4bffb309
f3b13ab60bfcbe3c0d208296a9fbbd343ae94e569cb36c0190d38a36a226efda	c5d245740cc983dfdc650c1b81d5849d66ad374ab84a177f411d8ef6beebe9dc
f3b61159cca41e5ff02c23b5938d2bf0895395230795e43015df5dcbdc1f8924	0c1b29c3f54e6e3bc93b2c10becb399f2fe3f003830eadbf7412d209745e0ad7
f3b788f0444d96415ede514683a48a94e649ca9abde53abc9ea2f6845b313d72	28da40462654414c1ae093b61af7776841fb186036e1992adbbb55f1123a37aa
f454ac016adcfccce7c4e425fa6a9526301bbb908fd3ec8214cdbf8c13313b3d	73a92aae7a1fd7e28dad5c03c698fe442e3171a4871fea0b95a85d73165e1429
f5061faa102e0af7174e6975ecf1b52752a06cdc3fc4aaece84d7ec53aeb5ab3	ef495c8cf0a6e2d9df2b4b2a86b6e5e431cb02016214af9ed2ea371b3feac242
f53d36ff65dd28a5912aeb4ad7532200806515176a3ad39302778ef8b65c3361	4fae61242003f6fe8eefff3a04e66571ca0288c7bc70bd9f5fd6d14e195d3188
f5745887e64f3dca94dfc290171a10dbee8df6957bb98c25d48fbf95fb8b412f	619986b244a65c60503eb3dfddd7fabdafa20b4439dd71faf3383a932db79053
f6384009f77c547e48262b0c0f53cbeef5c140a1352b71aab1ff0ce1e883e905	00af6cb839861840dc51402d13f7987d6427f9a19c1d09bd2f5d7db316f10d92
f6f3f1cbbfe5de21e3c63c63f479b5cb4c9f51118fc50c8314c94ef1e002906b	5b00e19bc146485b0f1f0bf090d59002178e1f863242000dda9c9ddca0036070
f72592f1c9b8e06c3ace256fb60033cd16535aa2f55a40cc277b2822fc9fd19f	49897a83c0b5df24607f87c2d9a7f66f034826ccfcc8d25a15bd89139f60c472
f76dc3e2289b6a5340a4da2dd26484adbfdd82141a8414e0c5bc31db8b4674c3	8eb4092326689c79633d1f87ba076a6162894ac70031cc72282730fe48f2197a
f7ae4f5999e53133af88f1dd20d43cfe8db8ffc19f159598230bcee357d92c47	80bd44f6662efe9cba6f14fc6e8577d720fb78282db43853e38060cf742eb4ba
f7dcb229b3f4dd2bf1a3ba41e60ba557eaf4849ec01dc27ecebfbc965f4bd345	295de67f9ee09b1f7d7d58aaec5785350a7971a4996a99d58bae54364b671cf4
f8569523697a853a15a8329d426af63543decac3f11ed303d47c1877e3f38e54	0ec41d30c4f133aa05e7385367053a7d895eb00f5e14c148cc93204536d2f1f0
f871e497e9dad61b4270691563af92044b00f846cf8ec076592c4d975130f82f	780c5593c394b619ed3f870db66c7a7c3d7edab48408086c5312299ac9791934
f901307ad48b31a45e0d37cb1cbb72a5674becffdce4fb1c20f3b01f50e2a22e	710eb54e09b09419c76fda7259a47a29f030a1f372f2657bb680d5d49e91654b
f94c063c11984ee6ed0689e818079f8536d47f9dffe0812c7a8f13899bdbc34e	caa5af8765eedb51da1d892ea3b8cece6c7cd7bb7f2e5598da6fa50ba427e37a
f9b4ba07cf9ac0b34943b1b37c78cc79a9f681a934d86d5b3e0ce6a80ed850ad	69b1d3b1e52165ede5e5d7757acc082045be02f2a98b9ed83a2ca3a8f90d015a
f9ec839d1d860472197aff7f8f880c69f3906c5937c21c50e54f016517affb14	18af592ad985cf28d6c0813454c10386610a079df6eed3e9aa8a1c4e23465bac
fa081c9f4044d4efa5b3a4ff6bd1dd6fac4942ef8640c7bdd171463cba200000	a7fa76dc271976135acac67bfd86bbb8e4bbb835f3b2e323d669ba3e3e585c8b
fa464d91d08f82b2141435469c6eeaa9f663fd5b6ac9385686260b9d2087c7f9	a64e69124e76bdd897ac38d7626a2062bb6140cbe6fddc540543c68e78a77bab
fa514d0ab2ce4b7f8dd29c4d0069c3cbcd5e4d8c1bf228ad2bc2ce297bebcfb0	b7d1da169cc7d777678d84a2db733a5b11cef76f2f97056cc07316630b199b95
fa5a0e1bc8d19df4ed6cda72f5ce5a1caf5d367e0ecb2c7c688664dfe0611aef	45fec6c324ea07c380f0ef9dcda71b77fd5048dc818b44dd7f10f32d7257db95
faf636bfef69da0083a95efb4576cfbfdda93445eb29c664eb9725a0fb46bde9	1e6d94d66d51a30e91523073cf3a8ca1baaf8dd664e3dbd2d8efe63d0f6d0722
fb02d3d68c25b612a5234894c2dbb43e424f8ed724e25c949fd5cd1ed9cbcc51	c7c87955637090fc2ec3d3caa5f878a9c52e6d909a2d9aa3161360ceaf067ba7
fb2fe75fce8c17a435042829501e743e00d0a3b8c9524cdf35356db827897d72	0172178770f595b6352dd2e60e16346fd7d8b852da17cacbf3060e375e93f377
fbf84b79371b566d804b994a6c60d55a82f21a69b0d4699452e710d9837d259c	da3a9e81e2dc14e5ef232ff50c61b824056a0a8a1d480e3f973215c561c3a1f9
fc0bba934243ef6ce918b93f146c9812639be5248e928766c9a1d9789a6460c9	023cbf56ea06f2e8d3c42d473f6848fde4e2b2a972d439ab3bea370e6a20580c
fc0d77f0d3cf5f0d85f9d8001b9f732652673a863f3855f5e1f4c18727ebbb60	4d74d12e6273a6b6c3a5a6b0c4c9413d130ea66b903922db5bcedebb727136b4
fc4b5aecf76e81ebfa9e2d545ce78d573f7145c12db9ccc29910b4ca8e8f9b1e	b7fa8b42227cb46b89e17640d4c701fc850d3e3359c0e4b3027f58d4663ca09b
fc7f6b4aa9d12633c8229831d5fe75aa9b924ac8e43a5749fc5a078bafecd7b4	6f9dbbd72668d1a0dd15744c285fdd4141734a75c6198dc6e55aaf0bbc3d471e
fca731a316b198d46ad8a3553ecc25bfc33222881e8e3a97a2d127c124bf9429	09d5b0158ae0450aa8f6acc1536b25470f184f1c4c8f5644c7e1c009106dfa19
fcd19ea5210587949961f9471e2c17aebe1496a1a0af6f4a008aa85c3d0a6173	778e877b290b4ff57a0efdc232da675732866b4297f72db6afee450ed8dd87b8
fcdacaea1432c26e7b375f14b199d7e3135948265a0aaa727a24092068a3aa81	b999173dd3d4b620d4a308d5bd4dbe59051cf83ed271c423aa6228629840d8c3
fce756972f3edfefa2fac31caef82d8b5d215a9c5aff8e4e7825e34b9e446de1	6a035a4c80540a033705c751bb54a87bb4b89582a20b780696e9ce5f050d4c45
fd0171c59a6a5f01597e4c4cb57a01b097c0063ebf1b4437443b22d8091343cc	a37ea673f04bddc7748481f3d0841bbd775f6e4debdfca9a8016dc9885172dee
fd036754951c893b4c5d8e033ddd562f7d6290d5c177a84d8e2b2df7e7715022	50fd1c23297c3ee81be08faacab2dbb3aca6c1457bfe044e9d2b88316dd64a8e
fd0d0329fdf4e241b91a8efcc9cedb8579e1923da6c63bc7543da5e8e3feefa9	d2d3f9c47b5b2a122aeb603d23a793fd0eab9608040c2687ca04b00b6af2f7c6
fdc3fbf9dadfb7687041faebee285c858bca3a888c58c03263ead7b7f9c3d84c	7e4b5bdb7d3079ef06c44bcbe7637a2916937dc2a89c3e1ccfe38f9621ebb5ee
fe15fb3821417d158c5d688ff74d63493dede5dacf18c2bb506f202f161261c6	512694241ebe27b5980b47539165332076bf3ffcdb7569af1333d9f350f1d9ef
fe21845db09f532aa1ba621475c732e8eec5916ca4fe4bdcf3a019959b81f21d	5b42cc0d7eb2e6df3ebe11b1f9f685aa30eba7c99f01525e5ad80bc87a1d754c
fe513bc83361add92e7c424f86edde581e475d5280fe8fbb79c867182846800e	4f1958dd7da426efacab5a8ea5735584a334be5b03e1fdedc13bb25a18903d38
fe97e5683d8654286a29d8bee6ea3a60e5ef5d8123e1d45ead29d63dfbcca905	98f7b2d7990725ddd9f14d7f561094d7673d88b29c399cd2b0da708059e993fe
fe9abed9afd7ca03347421853854f11aa86ad8c6f76678fba5af2621b6d948a7	8bb95317b61c87f90ff09d4e15246012822a5184ccdb906a99d3ebc3edea3ed3
fe9b36e9106a631cc7c8df512a14e68604715739f5cef9564bd72cfa9194a1fb	f66d347489edd780e3bb268a28bdc832d23aa227fcc39f2015f9964b3ffad03a
fefa34d39e8927f62b664bcb9d451d40e53d857c8166189797240facb8d9300a	a8b3d5a57514523213b03261ba7660506f6575240eee78f0a8bc8108da58f516
ff379ed5ecf52988f0b5a9dbdfb58e686e0bc4d81a691b40cc729be68613ec8c	548a2cf015e8f466fd8c0ef5c7928aa090a02a6f4a3498e894b32e1224faefbd
ffdfb098fc89b3a46c44d2d4cb079413d72444154c6f8508f827567b313d3b38	db3872c4d1564de1c851a543acf769d3589cc5262eebb268137ea6b259ddb7bb
